Data from Parasolid IGES Translator 28.1.247, Copyright(c) 2006 Siemens S      1
PLM Software. All Rights Reserved.                                      S      2
1H,,1H;,6HNoname,29H698068a63d9f02669cbc99d7.iges,27HBy Siemens PLM IncoG      1
rporated,27HXPlus GENERIC/IGES 28.1.247,32,38, 6,308,15,6HNoname,1.000, G      2
6,1HM,1,1.000,15H20260202.090439,1.0e-08,0.00,6HNoname,6HNoname,11,0,15HG      3
20260202.090439;                                                        G      4
     314       1       0       1       0       0       0       000010001D      1
     314       1       0       2       0       0       0               0D      2
     110       3       0       1       0       0       0       000010001D      3
     110       1       0       2       0       0       0               0D      4
     122       5       0       1       0       0       0       000010001D      5
     122       1       0       1       0       0       0               0D      6
     126       6       0       1       0       0       0       000010501D      7
     126       1       0       6       0       0       0               0D      8
     126      12       0       1       0       0       0       000010501D      9
     126       1       0      12       0       0       0               0D     10
     126      24       0       1       0       0       0       000010501D     11
     126       1       0       3       0       0       0               0D     12
     126      27       0       1       0       0       0       000010501D     13
     126       1       0      37       0       0       0               0D     14
     102      64       0       1       0       0       0       000010501D     15
     102       1       0       1       0       0       0               0D     16
     124      65       0       1       0       0       0       000010001D     17
     124       1       0       1       0       0       0               0D     18
     100      66       0       1       0       0      17       000010001D     19
     100       1       0       1       0       0       0               0D     20
     124      67       0       1       0       0       0       000010001D     21
     124       1       0       2       0       0       0               0D     22
     100      69       0       1       0       0      21       000010001D     23
     100       1       0       2       0       0       0               0D     24
     124      71       0       1       0       0       0       000010001D     25
     124       1       0       1       0       0       0               0D     26
     100      72       0       1       0       0      25       000010001D     27
     100       1       0       1       0       0       0               0D     28
     102      73       0       1       0       0       0       000010001D     29
     102       1       0       1       0       0       0               0D     30
     142      74       0       1       0       0       0       000010001D     31
     142       1       0       1       0       0       0               0D     32
     126      75       0       1       0       0       0       000010501D     33
     126       1       0      35       0       0       0               0D     34
     102     110       0       1       0       0       0       000010501D     35
     102       1       0       1       0       0       0               0D     36
     124     111       0       1       0       0       0       000010001D     37
     124       1       0       1       0       0       0               0D     38
     100     112       0       1       0       0      37       000010001D     39
     100       1       0       1       0       0       0               0D     40
     102     113       0       1       0       0       0       000010001D     41
     102       1       0       1       0       0       0               0D     42
     142     114       0       1       0       0       0       000010001D     43
     142       1       0       1       0       0       0               0D     44
     144     115       0       1       0       0       0       000000001D     45
     144       1      -1       1       0       0       0               0D     46
     314     116       0       1       0       0       0       000010001D     47
     314       1       0       2       0       0       0               0D     48
     110     118       0       1       0       0       0       000010001D     49
     110       1       0       2       0       0       0               0D     50
     122     120       0       1       0       0       0       000010001D     51
     122       1       0       1       0       0       0               0D     52
     126     121       0       1       0       0       0       000010501D     53
     126       1       0       2       0       0       0               0D     54
     126     123       0       1       0       0       0       000010501D     55
     126       1       0       3       0       0       0               0D     56
     126     126       0       1       0       0       0       000010501D     57
     126       1       0       2       0       0       0               0D     58
     126     128       0       1       0       0       0       000010501D     59
     126       1       0       3       0       0       0               0D     60
     102     131       0       1       0       0       0       000010501D     61
     102       1       0       1       0       0       0               0D     62
     110     132       0       1       0       0       0       000010001D     63
     110       1       0       2       0       0       0               0D     64
     110     134       0       1       0       0       0       000010001D     65
     110       1       0       1       0       0       0               0D     66
     110     135       0       1       0       0       0       000010001D     67
     110       1       0       1       0       0       0               0D     68
     110     136       0       1       0       0       0       000010001D     69
     110       1       0       1       0       0       0               0D     70
     102     137       0       1       0       0       0       000010001D     71
     102       1       0       1       0       0       0               0D     72
     142     138       0       1       0       0       0       000010001D     73
     142       1       0       1       0       0       0               0D     74
     126     139       0       1       0       0       0       000010501D     75
     126       1       0      33       0       0       0               0D     76
     102     172       0       1       0       0       0       000010501D     77
     102       1       0       1       0       0       0               0D     78
     124     173       0       1       0       0       0       000010001D     79
     124       1       0       2       0       0       0               0D     80
     100     175       0       1       0       0      79       000010001D     81
     100       1       0       1       0       0       0               0D     82
     102     176       0       1       0       0       0       000010001D     83
     102       1       0       1       0       0       0               0D     84
     142     177       0       1       0       0       0       000010001D     85
     142       1       0       1       0       0       0               0D     86
     126     178       0       1       0       0       0       000010501D     87
     126       1       0      33       0       0       0               0D     88
     102     211       0       1       0       0       0       000010501D     89
     102       1       0       1       0       0       0               0D     90
     124     212       0       1       0       0       0       000010001D     91
     124       1       0       1       0       0       0               0D     92
     100     213       0       1       0       0      91       000010001D     93
     100       1       0       1       0       0       0               0D     94
     102     214       0       1       0       0       0       000010001D     95
     102       1       0       1       0       0       0               0D     96
     142     215       0       1       0       0       0       000010001D     97
     142       1       0       1       0       0       0               0D     98
     144     216       0       1       0       0       0       000000001D     99
     144       1     -47       1       0       0       0               0D    100
     314     217       0       1       0       0       0       000010001D    101
     314       1       0       2       0       0       0               0D    102
     110     219       0       1       0       0       0       000010001D    103
     110       1       0       1       0       0       0               0D    104
     110     220       0       1       0       0       0       000010001D    105
     110       1       0       1       0       0       0               0D    106
     120     221       0       1       0       0       0       000010001D    107
     120       1       0       1       0       0       0               0D    108
     126     222       0       1       0       0       0       000010501D    109
     126       1       0       2       0       0       0               0D    110
     126     224       0       1       0       0       0       000010501D    111
     126       1       0       2       0       0       0               0D    112
     126     226       0       1       0       0       0       000010501D    113
     126       1       0       2       0       0       0               0D    114
     126     228       0       1       0       0       0       000010501D    115
     126       1       0       4       0       0       0               0D    116
     126     232       0       1       0       0       0       000010501D    117
     126       1       0       2       0       0       0               0D    118
     126     234       0       1       0       0       0       000010501D    119
     126       1       0       4       0       0       0               0D    120
     102     238       0       1       0       0       0       000010501D    121
     102       1       0       1       0       0       0               0D    122
     110     239       0       1       0       0       0       000010001D    123
     110       1       0       2       0       0       0               0D    124
     110     241       0       1       0       0       0       000010001D    125
     110       1       0       2       0       0       0               0D    126
     124     243       0       1       0       0       0       000010001D    127
     124       1       0       1       0       0       0               0D    128
     100     244       0       1       0       0     127       000010001D    129
     100       1       0       2       0       0       0               0D    130
     110     246       0       1       0       0       0       000010001D    131
     110       1       0       2       0       0       0               0D    132
     124     248       0       1       0       0       0       000010001D    133
     124       1       0       1       0       0       0               0D    134
     100     249       0       1       0       0     133       000010001D    135
     100       1       0       2       0       0       0               0D    136
     102     251       0       1       0       0       0       000010001D    137
     102       1       0       1       0       0       0               0D    138
     142     252       0       1       0       0       0       000010001D    139
     142       1       0       1       0       0       0               0D    140
     144     253       0       1       0       0       0       000000001D    141
     144       1    -101       1       0       0       0               0D    142
     314     254       0       1       0       0       0       000010001D    143
     314       1       0       2       0       0       0               0D    144
     110     256       0       1       0       0       0       000010001D    145
     110       1       0       1       0       0       0               0D    146
     110     257       0       1       0       0       0       000010001D    147
     110       1       0       1       0       0       0               0D    148
     120     258       0       1       0       0       0       000010001D    149
     120       1       0       1       0       0       0               0D    150
     126     259       0       1       0       0       0       000010501D    151
     126       1       0       4       0       0       0               0D    152
     126     263       0       1       0       0       0       000010501D    153
     126       1       0       2       0       0       0               0D    154
     126     265       0       1       0       0       0       000010501D    155
     126       1       0       4       0       0       0               0D    156
     126     269       0       1       0       0       0       000010501D    157
     126       1       0       2       0       0       0               0D    158
     102     271       0       1       0       0       0       000010501D    159
     102       1       0       1       0       0       0               0D    160
     124     272       0       1       0       0       0       000010001D    161
     124       1       0       1       0       0       0               0D    162
     100     273       0       1       0       0     161       000010001D    163
     100       1       0       1       0       0       0               0D    164
     110     274       0       1       0       0       0       000010001D    165
     110       1       0       2       0       0       0               0D    166
     124     276       0       1       0       0       0       000010001D    167
     124       1       0       1       0       0       0               0D    168
     100     277       0       1       0       0     167       000010001D    169
     100       1       0       1       0       0       0               0D    170
     110     278       0       1       0       0       0       000010001D    171
     110       1       0       1       0       0       0               0D    172
     102     279       0       1       0       0       0       000010001D    173
     102       1       0       1       0       0       0               0D    174
     142     280       0       1       0       0       0       000010001D    175
     142       1       0       1       0       0       0               0D    176
     144     281       0       1       0       0       0       000000001D    177
     144       1    -143       1       0       0       0               0D    178
     314     282       0       1       0       0       0       000010001D    179
     314       1       0       2       0       0       0               0D    180
     110     284       0       1       0       0       0       000010001D    181
     110       1       0       1       0       0       0               0D    182
     110     285       0       1       0       0       0       000010001D    183
     110       1       0       1       0       0       0               0D    184
     120     286       0       1       0       0       0       000010001D    185
     120       1       0       1       0       0       0               0D    186
     126     287       0       1       0       0       0       000010501D    187
     126       1       0       2       0       0       0               0D    188
     126     289       0       1       0       0       0       000010501D    189
     126       1       0       2       0       0       0               0D    190
     126     291       0       1       0       0       0       000010501D    191
     126       1       0       2       0       0       0               0D    192
     126     293       0       1       0       0       0       000010501D    193
     126       1       0       4       0       0       0               0D    194
     126     297       0       1       0       0       0       000010501D    195
     126       1       0       2       0       0       0               0D    196
     126     299       0       1       0       0       0       000010501D    197
     126       1       0       2       0       0       0               0D    198
     102     301       0       1       0       0       0       000010501D    199
     102       1       0       1       0       0       0               0D    200
     110     302       0       1       0       0       0       000010001D    201
     110       1       0       1       0       0       0               0D    202
     124     303       0       1       0       0       0       000010001D    203
     124       1       0       1       0       0       0               0D    204
     100     304       0       1       0       0     203       000010001D    205
     100       1       0       1       0       0       0               0D    206
     110     305       0       1       0       0       0       000010001D    207
     110       1       0       2       0       0       0               0D    208
     124     307       0       1       0       0       0       000010001D    209
     124       1       0       1       0       0       0               0D    210
     100     308       0       1       0       0     209       000010001D    211
     100       1       0       1       0       0       0               0D    212
     110     309       0       1       0       0       0       000010001D    213
     110       1       0       1       0       0       0               0D    214
     124     310       0       1       0       0       0       000010001D    215
     124       1       0       1       0       0       0               0D    216
     100     311       0       1       0       0     215       000010001D    217
     100       1       0       1       0       0       0               0D    218
     102     312       0       1       0       0       0       000010001D    219
     102       1       0       1       0       0       0               0D    220
     142     313       0       1       0       0       0       000010001D    221
     142       1       0       1       0       0       0               0D    222
     144     314       0       1       0       0       0       000000001D    223
     144       1    -179       1       0       0       0               0D    224
     314     315       0       1       0       0       0       000010001D    225
     314       1       0       2       0       0       0               0D    226
     110     317       0       1       0       0       0       000010001D    227
     110       1       0       1       0       0       0               0D    228
     122     318       0       1       0       0       0       000010001D    229
     122       1       0       1       0       0       0               0D    230
     126     319       0       1       0       0       0       000010501D    231
     126       1       0       2       0       0       0               0D    232
     126     321       0       1       0       0       0       000010501D    233
     126       1       0       2       0       0       0               0D    234
     126     323       0       1       0       0       0       000010501D    235
     126       1       0       2       0       0       0               0D    236
     126     325       0       1       0       0       0       000010501D    237
     126       1       0       2       0       0       0               0D    238
     102     327       0       1       0       0       0       000010501D    239
     102       1       0       1       0       0       0               0D    240
     110     328       0       1       0       0       0       000010001D    241
     110       1       0       1       0       0       0               0D    242
     110     329       0       1       0       0       0       000010001D    243
     110       1       0       1       0       0       0               0D    244
     110     330       0       1       0       0       0       000010001D    245
     110       1       0       1       0       0       0               0D    246
     110     331       0       1       0       0       0       000010001D    247
     110       1       0       1       0       0       0               0D    248
     102     332       0       1       0       0       0       000010001D    249
     102       1       0       1       0       0       0               0D    250
     142     333       0       1       0       0       0       000010001D    251
     142       1       0       1       0       0       0               0D    252
     126     334       0       1       0       0       0       000010501D    253
     126       1       0      35       0       0       0               0D    254
     102     369       0       1       0       0       0       000010501D    255
     102       1       0       1       0       0       0               0D    256
     124     370       0       1       0       0       0       000010001D    257
     124       1       0       1       0       0       0               0D    258
     100     371       0       1       0       0     257       000010001D    259
     100       1       0       1       0       0       0               0D    260
     102     372       0       1       0       0       0       000010001D    261
     102       1       0       1       0       0       0               0D    262
     142     373       0       1       0       0       0       000010001D    263
     142       1       0       1       0       0       0               0D    264
     126     374       0       1       0       0       0       000010501D    265
     126       1       0      35       0       0       0               0D    266
     102     409       0       1       0       0       0       000010501D    267
     102       1       0       1       0       0       0               0D    268
     124     410       0       1       0       0       0       000010001D    269
     124       1       0       1       0       0       0               0D    270
     100     411       0       1       0       0     269       000010001D    271
     100       1       0       1       0       0       0               0D    272
     102     412       0       1       0       0       0       000010001D    273
     102       1       0       1       0       0       0               0D    274
     142     413       0       1       0       0       0       000010001D    275
     142       1       0       1       0       0       0               0D    276
     144     414       0       1       0       0       0       000000001D    277
     144       1    -225       1       0       0       0               0D    278
     314     415       0       1       0       0       0       000010001D    279
     314       1       0       2       0       0       0               0D    280
     110     417       0       1       0       0       0       000010001D    281
     110       1       0       1       0       0       0               0D    282
     122     418       0       1       0       0       0       000010001D    283
     122       1       0       1       0       0       0               0D    284
     126     419       0       1       0       0       0       000010501D    285
     126       1       0       2       0       0       0               0D    286
     126     421       0       1       0       0       0       000010501D    287
     126       1       0       2       0       0       0               0D    288
     126     423       0       1       0       0       0       000010501D    289
     126       1       0       2       0       0       0               0D    290
     126     425       0       1       0       0       0       000010501D    291
     126       1       0       2       0       0       0               0D    292
     102     427       0       1       0       0       0       000010501D    293
     102       1       0       1       0       0       0               0D    294
     110     428       0       1       0       0       0       000010001D    295
     110       1       0       1       0       0       0               0D    296
     110     429       0       1       0       0       0       000010001D    297
     110       1       0       1       0       0       0               0D    298
     110     430       0       1       0       0       0       000010001D    299
     110       1       0       1       0       0       0               0D    300
     110     431       0       1       0       0       0       000010001D    301
     110       1       0       1       0       0       0               0D    302
     102     432       0       1       0       0       0       000010001D    303
     102       1       0       1       0       0       0               0D    304
     142     433       0       1       0       0       0       000010001D    305
     142       1       0       1       0       0       0               0D    306
     144     434       0       1       0       0       0       000000001D    307
     144       1    -279       1       0       0       0               0D    308
     314     435       0       1       0       0       0       000010001D    309
     314       1       0       2       0       0       0               0D    310
     110     437       0       1       0       0       0       000010001D    311
     110       1       0       1       0       0       0               0D    312
     110     438       0       1       0       0       0       000010001D    313
     110       1       0       1       0       0       0               0D    314
     120     439       0       1       0       0       0       000010001D    315
     120       1       0       1       0       0       0               0D    316
     126     440       0       1       0       0       0       000010501D    317
     126       1       0       2       0       0       0               0D    318
     126     442       0       1       0       0       0       000010501D    319
     126       1       0       2       0       0       0               0D    320
     126     444       0       1       0       0       0       000010501D    321
     126       1       0       2       0       0       0               0D    322
     126     446       0       1       0       0       0       000010501D    323
     126       1       0       2       0       0       0               0D    324
     126     448       0       1       0       0       0       000010501D    325
     126       1       0       2       0       0       0               0D    326
     126     450       0       1       0       0       0       000010501D    327
     126       1       0       2       0       0       0               0D    328
     126     452       0       1       0       0       0       000010501D    329
     126       1       0       2       0       0       0               0D    330
     126     454       0       1       0       0       0       000010501D    331
     126       1       0       2       0       0       0               0D    332
     102     456       0       1       0       0       0       000010501D    333
     102       1       0       1       0       0       0               0D    334
     124     457       0       1       0       0       0       000010001D    335
     124       1       0       1       0       0       0               0D    336
     100     458       0       1       0       0     335       000010001D    337
     100       1       0       1       0       0       0               0D    338
     110     459       0       1       0       0       0       000010001D    339
     110       1       0       1       0       0       0               0D    340
     124     460       0       1       0       0       0       000010001D    341
     124       1       0       1       0       0       0               0D    342
     100     461       0       1       0       0     341       000010001D    343
     100       1       0       1       0       0       0               0D    344
     110     462       0       1       0       0       0       000010001D    345
     110       1       0       1       0       0       0               0D    346
     102     463       0       1       0       0       0       000010001D    347
     102       1       0       1       0       0       0               0D    348
     142     464       0       1       0       0       0       000010001D    349
     142       1       0       1       0       0       0               0D    350
     144     465       0       1       0       0       0       000000001D    351
     144       1    -309       1       0       0       0               0D    352
     314     466       0       1       0       0       0       000010001D    353
     314       1       0       2       0       0       0               0D    354
     110     468       0       1       0       0       0       000010001D    355
     110       1       0       1       0       0       0               0D    356
     122     469       0       1       0       0       0       000010001D    357
     122       1       0       1       0       0       0               0D    358
     126     470       0       1       0       0       0       000010501D    359
     126       1       0       4       0       0       0               0D    360
     126     474       0       1       0       0       0       000010501D    361
     126       1       0       3       0       0       0               0D    362
     126     477       0       1       0       0       0       000010501D    363
     126       1       0       3       0       0       0               0D    364
     126     480       0       1       0       0       0       000010501D    365
     126       1       0      36       0       0       0               0D    366
     126     516       0       1       0       0       0       000010501D    367
     126       1       0      37       0       0       0               0D    368
     126     553       0       1       0       0       0       000010501D    369
     126       1       0      37       0       0       0               0D    370
     102     590       0       1       0       0       0       000010501D    371
     102       1       0       1       0       0       0               0D    372
     110     591       0       1       0       0       0       000010001D    373
     110       1       0       1       0       0       0               0D    374
     110     592       0       1       0       0       0       000010001D    375
     110       1       0       1       0       0       0               0D    376
     110     593       0       1       0       0       0       000010001D    377
     110       1       0       1       0       0       0               0D    378
     124     594       0       1       0       0       0       000010001D    379
     124       1       0       1       0       0       0               0D    380
     100     595       0       1       0       0     379       000010001D    381
     100       1       0       1       0       0       0               0D    382
     124     596       0       1       0       0       0       000010001D    383
     124       1       0       1       0       0       0               0D    384
     100     597       0       1       0       0     383       000010001D    385
     100       1       0       1       0       0       0               0D    386
     124     598       0       1       0       0       0       000010001D    387
     124       1       0       1       0       0       0               0D    388
     100     599       0       1       0       0     387       000010001D    389
     100       1       0       2       0       0       0               0D    390
     102     601       0       1       0       0       0       000010001D    391
     102       1       0       1       0       0       0               0D    392
     142     602       0       1       0       0       0       000010001D    393
     142       1       0       1       0       0       0               0D    394
     126     603       0       1       0       0       0       000010501D    395
     126       1       0      36       0       0       0               0D    396
     102     639       0       1       0       0       0       000010501D    397
     102       1       0       1       0       0       0               0D    398
     124     640       0       1       0       0       0       000010001D    399
     124       1       0       1       0       0       0               0D    400
     100     641       0       1       0       0     399       000010001D    401
     100       1       0       1       0       0       0               0D    402
     102     642       0       1       0       0       0       000010001D    403
     102       1       0       1       0       0       0               0D    404
     142     643       0       1       0       0       0       000010001D    405
     142       1       0       1       0       0       0               0D    406
     144     644       0       1       0       0       0       000000001D    407
     144       1    -353       1       0       0       0               0D    408
     314     645       0       1       0       0       0       000010001D    409
     314       1       0       2       0       0       0               0D    410
     110     647       0       1       0       0       0       000010001D    411
     110       1       0       2       0       0       0               0D    412
     110     649       0       1       0       0       0       000010001D    413
     110       1       0       2       0       0       0               0D    414
     120     651       0       1       0       0       0       000010001D    415
     120       1       0       1       0       0       0               0D    416
     126     652       0       1       0       0       0       000010501D    417
     126       1       0       4       0       0       0               0D    418
     126     656       0       1       0       0       0       000010501D    419
     126       1       0       2       0       0       0               0D    420
     126     658       0       1       0       0       0       000010501D    421
     126       1       0       4       0       0       0               0D    422
     126     662       0       1       0       0       0       000010501D    423
     126       1       0       2       0       0       0               0D    424
     126     664       0       1       0       0       0       000010501D    425
     126       1       0       2       0       0       0               0D    426
     102     666       0       1       0       0       0       000010501D    427
     102       1       0       1       0       0       0               0D    428
     124     667       0       1       0       0       0       000010001D    429
     124       1       0       2       0       0       0               0D    430
     100     669       0       1       0       0     429       000010001D    431
     100       1       0       2       0       0       0               0D    432
     110     671       0       1       0       0       0       000010001D    433
     110       1       0       2       0       0       0               0D    434
     124     673       0       1       0       0       0       000010001D    435
     124       1       0       2       0       0       0               0D    436
     100     675       0       1       0       0     435       000010001D    437
     100       1       0       2       0       0       0               0D    438
     110     677       0       1       0       0       0       000010001D    439
     110       1       0       2       0       0       0               0D    440
     102     679       0       1       0       0       0       000010001D    441
     102       1       0       1       0       0       0               0D    442
     142     680       0       1       0       0       0       000010001D    443
     142       1       0       1       0       0       0               0D    444
     144     681       0       1       0       0       0       000000001D    445
     144       1    -409       1       0       0       0               0D    446
     314     682       0       1       0       0       0       000010001D    447
     314       1       0       2       0       0       0               0D    448
     110     684       0       1       0       0       0       000010001D    449
     110       1       0       1       0       0       0               0D    450
     122     685       0       1       0       0       0       000010001D    451
     122       1       0       1       0       0       0               0D    452
     126     686       0       1       0       0       0       000010501D    453
     126       1       0      12       0       0       0               0D    454
     126     698       0       1       0       0       0       000010501D    455
     126       1       0      36       0       0       0               0D    456
     126     734       0       1       0       0       0       000010501D    457
     126       1       0       2       0       0       0               0D    458
     126     736       0       1       0       0       0       000010501D    459
     126       1       0       2       0       0       0               0D    460
     126     738       0       1       0       0       0       000010501D    461
     126       1       0       4       0       0       0               0D    462
     126     742       0       1       0       0       0       000010501D    463
     126       1       0      36       0       0       0               0D    464
     102     778       0       1       0       0       0       000010501D    465
     102       1       0       1       0       0       0               0D    466
     124     779       0       1       0       0       0       000010001D    467
     124       1       0       2       0       0       0               0D    468
     100     781       0       1       0       0     467       000010001D    469
     100       1       0       2       0       0       0               0D    470
     124     783       0       1       0       0       0       000010001D    471
     124       1       0       1       0       0       0               0D    472
     100     784       0       1       0       0     471       000010001D    473
     100       1       0       1       0       0       0               0D    474
     110     785       0       1       0       0       0       000010001D    475
     110       1       0       1       0       0       0               0D    476
     110     786       0       1       0       0       0       000010001D    477
     110       1       0       1       0       0       0               0D    478
     110     787       0       1       0       0       0       000010001D    479
     110       1       0       1       0       0       0               0D    480
     124     788       0       1       0       0       0       000010001D    481
     124       1       0       1       0       0       0               0D    482
     100     789       0       1       0       0     481       000010001D    483
     100       1       0       2       0       0       0               0D    484
     102     791       0       1       0       0       0       000010001D    485
     102       1       0       1       0       0       0               0D    486
     142     792       0       1       0       0       0       000010001D    487
     142       1       0       1       0       0       0               0D    488
     144     793       0       1       0       0       0       000000001D    489
     144       1    -447       1       0       0       0               0D    490
     314     794       0       1       0       0       0       000010001D    491
     314       1       0       2       0       0       0               0D    492
     110     796       0       1       0       0       0       000010001D    493
     110       1       0       2       0       0       0               0D    494
     110     798       0       1       0       0       0       000010001D    495
     110       1       0       1       0       0       0               0D    496
     120     799       0       1       0       0       0       000010001D    497
     120       1       0       1       0       0       0               0D    498
     126     800       0       1       0       0       0       000010501D    499
     126       1       0       3       0       0       0               0D    500
     126     803       0       1       0       0       0       000010501D    501
     126       1       0       2       0       0       0               0D    502
     126     805       0       1       0       0       0       000010501D    503
     126       1       0       2       0       0       0               0D    504
     126     807       0       1       0       0       0       000010501D    505
     126       1       0       2       0       0       0               0D    506
     126     809       0       1       0       0       0       000010501D    507
     126       1       0       2       0       0       0               0D    508
     126     811       0       1       0       0       0       000010501D    509
     126       1       0       2       0       0       0               0D    510
     126     813       0       1       0       0       0       000010501D    511
     126       1       0       2       0       0       0               0D    512
     126     815       0       1       0       0       0       000010501D    513
     126       1       0       2       0       0       0               0D    514
     102     817       0       1       0       0       0       000010501D    515
     102       1       0       1       0       0       0               0D    516
     124     818       0       1       0       0       0       000010001D    517
     124       1       0       1       0       0       0               0D    518
     100     819       0       1       0       0     517       000010001D    519
     100       1       0       1       0       0       0               0D    520
     110     820       0       1       0       0       0       000010001D    521
     110       1       0       1       0       0       0               0D    522
     124     821       0       1       0       0       0       000010001D    523
     124       1       0       1       0       0       0               0D    524
     100     822       0       1       0       0     523       000010001D    525
     100       1       0       1       0       0       0               0D    526
     110     823       0       1       0       0       0       000010001D    527
     110       1       0       1       0       0       0               0D    528
     102     824       0       1       0       0       0       000010001D    529
     102       1       0       1       0       0       0               0D    530
     142     825       0       1       0       0       0       000010001D    531
     142       1       0       1       0       0       0               0D    532
     144     826       0       1       0       0       0       000000001D    533
     144       1    -491       1       0       0       0               0D    534
     314     827       0       1       0       0       0       000010001D    535
     314       1       0       2       0       0       0               0D    536
     110     829       0       1       0       0       0       000010001D    537
     110       1       0       2       0       0       0               0D    538
     110     831       0       1       0       0       0       000010001D    539
     110       1       0       1       0       0       0               0D    540
     120     832       0       1       0       0       0       000010001D    541
     120       1       0       1       0       0       0               0D    542
     126     833       0       1       0       0       0       000010501D    543
     126       1       0       3       0       0       0               0D    544
     126     836       0       1       0       0       0       000010501D    545
     126       1       0       2       0       0       0               0D    546
     126     838       0       1       0       0       0       000010501D    547
     126       1       0       2       0       0       0               0D    548
     126     840       0       1       0       0       0       000010501D    549
     126       1       0       2       0       0       0               0D    550
     126     842       0       1       0       0       0       000010501D    551
     126       1       0       2       0       0       0               0D    552
     126     844       0       1       0       0       0       000010501D    553
     126       1       0       2       0       0       0               0D    554
     126     846       0       1       0       0       0       000010501D    555
     126       1       0       2       0       0       0               0D    556
     126     848       0       1       0       0       0       000010501D    557
     126       1       0       2       0       0       0               0D    558
     102     850       0       1       0       0       0       000010501D    559
     102       1       0       1       0       0       0               0D    560
     124     851       0       1       0       0       0       000010001D    561
     124       1       0       1       0       0       0               0D    562
     100     852       0       1       0       0     561       000010001D    563
     100       1       0       1       0       0       0               0D    564
     110     853       0       1       0       0       0       000010001D    565
     110       1       0       1       0       0       0               0D    566
     124     854       0       1       0       0       0       000010001D    567
     124       1       0       1       0       0       0               0D    568
     100     855       0       1       0       0     567       000010001D    569
     100       1       0       1       0       0       0               0D    570
     110     856       0       1       0       0       0       000010001D    571
     110       1       0       1       0       0       0               0D    572
     102     857       0       1       0       0       0       000010001D    573
     102       1       0       1       0       0       0               0D    574
     142     858       0       1       0       0       0       000010001D    575
     142       1       0       1       0       0       0               0D    576
     144     859       0       1       0       0       0       000000001D    577
     144       1    -535       1       0       0       0               0D    578
     314     860       0       1       0       0       0       000010001D    579
     314       1       0       2       0       0       0               0D    580
     110     862       0       1       0       0       0       000010001D    581
     110       1       0       1       0       0       0               0D    582
     110     863       0       1       0       0       0       000010001D    583
     110       1       0       1       0       0       0               0D    584
     120     864       0       1       0       0       0       000010001D    585
     120       1       0       1       0       0       0               0D    586
     126     865       0       1       0       0       0       000010501D    587
     126       1       0       4       0       0       0               0D    588
     126     869       0       1       0       0       0       000010501D    589
     126       1       0       2       0       0       0               0D    590
     126     871       0       1       0       0       0       000010501D    591
     126       1       0       4       0       0       0               0D    592
     126     875       0       1       0       0       0       000010501D    593
     126       1       0       2       0       0       0               0D    594
     102     877       0       1       0       0       0       000010501D    595
     102       1       0       1       0       0       0               0D    596
     124     878       0       1       0       0       0       000010001D    597
     124       1       0       1       0       0       0               0D    598
     100     879       0       1       0       0     597       000010001D    599
     100       1       0       1       0       0       0               0D    600
     110     880       0       1       0       0       0       000010001D    601
     110       1       0       1       0       0       0               0D    602
     124     881       0       1       0       0       0       000010001D    603
     124       1       0       1       0       0       0               0D    604
     100     882       0       1       0       0     603       000010001D    605
     100       1       0       1       0       0       0               0D    606
     110     883       0       1       0       0       0       000010001D    607
     110       1       0       2       0       0       0               0D    608
     102     885       0       1       0       0       0       000010001D    609
     102       1       0       1       0       0       0               0D    610
     142     886       0       1       0       0       0       000010001D    611
     142       1       0       1       0       0       0               0D    612
     144     887       0       1       0       0       0       000000001D    613
     144       1    -579       1       0       0       0               0D    614
     314     888       0       1       0       0       0       000010001D    615
     314       1       0       2       0       0       0               0D    616
     110     890       0       1       0       0       0       000010001D    617
     110       1       0       1       0       0       0               0D    618
     122     891       0       1       0       0       0       000010001D    619
     122       1       0       1       0       0       0               0D    620
     126     892       0       1       0       0       0       000010501D    621
     126       1       0      12       0       0       0               0D    622
     126     904       0       1       0       0       0       000010501D    623
     126       1       0      20       0       0       0               0D    624
     126     924       0       1       0       0       0       000010501D    625
     126       1       0      35       0       0       0               0D    626
     102     959       0       1       0       0       0       000010501D    627
     102       1       0       1       0       0       0               0D    628
     124     960       0       1       0       0       0       000010001D    629
     124       1       0       1       0       0       0               0D    630
     100     961       0       1       0       0     629       000010001D    631
     100       1       0       1       0       0       0               0D    632
     124     962       0       1       0       0       0       000010001D    633
     124       1       0       1       0       0       0               0D    634
     100     963       0       1       0       0     633       000010001D    635
     100       1       0       1       0       0       0               0D    636
     124     964       0       1       0       0       0       000010001D    637
     124       1       0       1       0       0       0               0D    638
     100     965       0       1       0       0     637       000010001D    639
     100       1       0       1       0       0       0               0D    640
     102     966       0       1       0       0       0       000010001D    641
     102       1       0       1       0       0       0               0D    642
     142     967       0       1       0       0       0       000010001D    643
     142       1       0       1       0       0       0               0D    644
     126     968       0       1       0       0       0       000010501D    645
     126       1       0      36       0       0       0               0D    646
     102    1004       0       1       0       0       0       000010501D    647
     102       1       0       1       0       0       0               0D    648
     124    1005       0       1       0       0       0       000010001D    649
     124       1       0       1       0       0       0               0D    650
     100    1006       0       1       0       0     649       000010001D    651
     100       1       0       1       0       0       0               0D    652
     102    1007       0       1       0       0       0       000010001D    653
     102       1       0       1       0       0       0               0D    654
     142    1008       0       1       0       0       0       000010001D    655
     142       1       0       1       0       0       0               0D    656
     144    1009       0       1       0       0       0       000000001D    657
     144       1    -615       1       0       0       0               0D    658
     314    1010       0       1       0       0       0       000010001D    659
     314       1       0       2       0       0       0               0D    660
     110    1012       0       1       0       0       0       000010001D    661
     110       1       0       1       0       0       0               0D    662
     110    1013       0       1       0       0       0       000010001D    663
     110       1       0       1       0       0       0               0D    664
     120    1014       0       1       0       0       0       000010001D    665
     120       1       0       1       0       0       0               0D    666
     126    1015       0       1       0       0       0       000010501D    667
     126       1       0       2       0       0       0               0D    668
     126    1017       0       1       0       0       0       000010501D    669
     126       1       0       3       0       0       0               0D    670
     126    1020       0       1       0       0       0       000010501D    671
     126       1       0       2       0       0       0               0D    672
     126    1022       0       1       0       0       0       000010501D    673
     126       1       0       4       0       0       0               0D    674
     102    1026       0       1       0       0       0       000010501D    675
     102       1       0       1       0       0       0               0D    676
     110    1027       0       1       0       0       0       000010001D    677
     110       1       0       2       0       0       0               0D    678
     124    1029       0       1       0       0       0       000010001D    679
     124       1       0       1       0       0       0               0D    680
     100    1030       0       1       0       0     679       000010001D    681
     100       1       0       1       0       0       0               0D    682
     110    1031       0       1       0       0       0       000010001D    683
     110       1       0       1       0       0       0               0D    684
     124    1032       0       1       0       0       0       000010001D    685
     124       1       0       1       0       0       0               0D    686
     100    1033       0       1       0       0     685       000010001D    687
     100       1       0       1       0       0       0               0D    688
     102    1034       0       1       0       0       0       000010001D    689
     102       1       0       1       0       0       0               0D    690
     142    1035       0       1       0       0       0       000010001D    691
     142       1       0       1       0       0       0               0D    692
     126    1036       0       1       0       0       0       000010501D    693
     126       1       0      68       0       0       0               0D    694
     102    1104       0       1       0       0       0       000010501D    695
     102       1       0       1       0       0       0               0D    696
     126    1105       0       1       0       0       0       000010001D    697
     126       1       0      98       0       0       0               0D    698
     102    1203       0       1       0       0       0       000010001D    699
     102       1       0       1       0       0       0               0D    700
     142    1204       0       1       0       0       0       000010001D    701
     142       1       0       1       0       0       0               0D    702
     126    1205       0       1       0       0       0       000010501D    703
     126       1       0      68       0       0       0               0D    704
     102    1273       0       1       0       0       0       000010501D    705
     102       1       0       1       0       0       0               0D    706
     126    1274       0       1       0       0       0       000010001D    707
     126       1       0      98       0       0       0               0D    708
     102    1372       0       1       0       0       0       000010001D    709
     102       1       0       1       0       0       0               0D    710
     142    1373       0       1       0       0       0       000010001D    711
     142       1       0       1       0       0       0               0D    712
     144    1374       0       1       0       0       0       000000001D    713
     144       1    -659       1       0       0       0               0D    714
     314    1375       0       1       0       0       0       000010001D    715
     314       1       0       2       0       0       0               0D    716
     110    1377       0       1       0       0       0       000010001D    717
     110       1       0       1       0       0       0               0D    718
     122    1378       0       1       0       0       0       000010001D    719
     122       1       0       1       0       0       0               0D    720
     126    1379       0       1       0       0       0       000010501D    721
     126       1       0       2       0       0       0               0D    722
     126    1381       0       1       0       0       0       000010501D    723
     126       1       0       3       0       0       0               0D    724
     126    1384       0       1       0       0       0       000010501D    725
     126       1       0       2       0       0       0               0D    726
     126    1386       0       1       0       0       0       000010501D    727
     126       1       0       3       0       0       0               0D    728
     102    1389       0       1       0       0       0       000010501D    729
     102       1       0       1       0       0       0               0D    730
     110    1390       0       1       0       0       0       000010001D    731
     110       1       0       1       0       0       0               0D    732
     110    1391       0       1       0       0       0       000010001D    733
     110       1       0       1       0       0       0               0D    734
     110    1392       0       1       0       0       0       000010001D    735
     110       1       0       1       0       0       0               0D    736
     110    1393       0       1       0       0       0       000010001D    737
     110       1       0       1       0       0       0               0D    738
     102    1394       0       1       0       0       0       000010001D    739
     102       1       0       1       0       0       0               0D    740
     142    1395       0       1       0       0       0       000010001D    741
     142       1       0       1       0       0       0               0D    742
     144    1396       0       1       0       0       0       000000001D    743
     144       1    -715       1       0       0       0               0D    744
     314    1397       0       1       0       0       0       000010001D    745
     314       1       0       2       0       0       0               0D    746
     110    1399       0       1       0       0       0       000010001D    747
     110       1       0       1       0       0       0               0D    748
     122    1400       0       1       0       0       0       000010001D    749
     122       1       0       1       0       0       0               0D    750
     126    1401       0       1       0       0       0       000010501D    751
     126       1       0       2       0       0       0               0D    752
     126    1403       0       1       0       0       0       000010501D    753
     126       1       0       2       0       0       0               0D    754
     126    1405       0       1       0       0       0       000010501D    755
     126       1       0       2       0       0       0               0D    756
     126    1407       0       1       0       0       0       000010501D    757
     126       1       0       2       0       0       0               0D    758
     102    1409       0       1       0       0       0       000010501D    759
     102       1       0       1       0       0       0               0D    760
     110    1410       0       1       0       0       0       000010001D    761
     110       1       0       1       0       0       0               0D    762
     110    1411       0       1       0       0       0       000010001D    763
     110       1       0       1       0       0       0               0D    764
     110    1412       0       1       0       0       0       000010001D    765
     110       1       0       1       0       0       0               0D    766
     110    1413       0       1       0       0       0       000010001D    767
     110       1       0       1       0       0       0               0D    768
     102    1414       0       1       0       0       0       000010001D    769
     102       1       0       1       0       0       0               0D    770
     142    1415       0       1       0       0       0       000010001D    771
     142       1       0       1       0       0       0               0D    772
     144    1416       0       1       0       0       0       000000001D    773
     144       1    -745       1       0       0       0               0D    774
     314    1417       0       1       0       0       0       000010001D    775
     314       1       0       2       0       0       0               0D    776
     110    1419       0       1       0       0       0       000010001D    777
     110       1       0       1       0       0       0               0D    778
     122    1420       0       1       0       0       0       000010001D    779
     122       1       0       1       0       0       0               0D    780
     126    1421       0       1       0       0       0       000010501D    781
     126       1       0       2       0       0       0               0D    782
     126    1423       0       1       0       0       0       000010501D    783
     126       1       0       2       0       0       0               0D    784
     126    1425       0       1       0       0       0       000010501D    785
     126       1       0       2       0       0       0               0D    786
     126    1427       0       1       0       0       0       000010501D    787
     126       1       0       2       0       0       0               0D    788
     102    1429       0       1       0       0       0       000010501D    789
     102       1       0       1       0       0       0               0D    790
     110    1430       0       1       0       0       0       000010001D    791
     110       1       0       1       0       0       0               0D    792
     110    1431       0       1       0       0       0       000010001D    793
     110       1       0       1       0       0       0               0D    794
     110    1432       0       1       0       0       0       000010001D    795
     110       1       0       1       0       0       0               0D    796
     110    1433       0       1       0       0       0       000010001D    797
     110       1       0       1       0       0       0               0D    798
     102    1434       0       1       0       0       0       000010001D    799
     102       1       0       1       0       0       0               0D    800
     142    1435       0       1       0       0       0       000010001D    801
     142       1       0       1       0       0       0               0D    802
     126    1436       0       1       0       0       0       000010501D    803
     126       1       0      34       0       0       0               0D    804
     102    1470       0       1       0       0       0       000010501D    805
     102       1       0       1       0       0       0               0D    806
     124    1471       0       1       0       0       0       000010001D    807
     124       1       0       1       0       0       0               0D    808
     100    1472       0       1       0       0     807       000010001D    809
     100       1       0       1       0       0       0               0D    810
     102    1473       0       1       0       0       0       000010001D    811
     102       1       0       1       0       0       0               0D    812
     142    1474       0       1       0       0       0       000010001D    813
     142       1       0       1       0       0       0               0D    814
     126    1475       0       1       0       0       0       000010501D    815
     126       1       0      34       0       0       0               0D    816
     102    1509       0       1       0       0       0       000010501D    817
     102       1       0       1       0       0       0               0D    818
     124    1510       0       1       0       0       0       000010001D    819
     124       1       0       1       0       0       0               0D    820
     100    1511       0       1       0       0     819       000010001D    821
     100       1       0       1       0       0       0               0D    822
     102    1512       0       1       0       0       0       000010001D    823
     102       1       0       1       0       0       0               0D    824
     142    1513       0       1       0       0       0       000010001D    825
     142       1       0       1       0       0       0               0D    826
     144    1514       0       1       0       0       0       000000001D    827
     144       1    -775       1       0       0       0               0D    828
     314    1515       0       1       0       0       0       000010001D    829
     314       1       0       2       0       0       0               0D    830
     110    1517       0       1       0       0       0       000010001D    831
     110       1       0       1       0       0       0               0D    832
     110    1518       0       1       0       0       0       000010001D    833
     110       1       0       1       0       0       0               0D    834
     120    1519       0       1       0       0       0       000010001D    835
     120       1       0       1       0       0       0               0D    836
     126    1520       0       1       0       0       0       000010501D    837
     126       1       0       2       0       0       0               0D    838
     126    1522       0       1       0       0       0       000010501D    839
     126       1       0       4       0       0       0               0D    840
     126    1526       0       1       0       0       0       000010501D    841
     126       1       0       2       0       0       0               0D    842
     126    1528       0       1       0       0       0       000010501D    843
     126       1       0       2       0       0       0               0D    844
     126    1530       0       1       0       0       0       000010501D    845
     126       1       0       4       0       0       0               0D    846
     102    1534       0       1       0       0       0       000010501D    847
     102       1       0       1       0       0       0               0D    848
     110    1535       0       1       0       0       0       000010001D    849
     110       1       0       1       0       0       0               0D    850
     124    1536       0       1       0       0       0       000010001D    851
     124       1       0       1       0       0       0               0D    852
     100    1537       0       1       0       0     851       000010001D    853
     100       1       0       1       0       0       0               0D    854
     110    1538       0       1       0       0       0       000010001D    855
     110       1       0       1       0       0       0               0D    856
     110    1539       0       1       0       0       0       000010001D    857
     110       1       0       1       0       0       0               0D    858
     124    1540       0       1       0       0       0       000010001D    859
     124       1       0       1       0       0       0               0D    860
     100    1541       0       1       0       0     859       000010001D    861
     100       1       0       1       0       0       0               0D    862
     102    1542       0       1       0       0       0       000010001D    863
     102       1       0       1       0       0       0               0D    864
     142    1543       0       1       0       0       0       000010001D    865
     142       1       0       1       0       0       0               0D    866
     144    1544       0       1       0       0       0       000000001D    867
     144       1    -829       1       0       0       0               0D    868
     314    1545       0       1       0       0       0       000010001D    869
     314       1       0       2       0       0       0               0D    870
     110    1547       0       1       0       0       0       000010001D    871
     110       1       0       1       0       0       0               0D    872
     110    1548       0       1       0       0       0       000010001D    873
     110       1       0       1       0       0       0               0D    874
     120    1549       0       1       0       0       0       000010001D    875
     120       1       0       1       0       0       0               0D    876
     126    1550       0       1       0       0       0       000010501D    877
     126       1       0       2       0       0       0               0D    878
     126    1552       0       1       0       0       0       000010501D    879
     126       1       0       3       0       0       0               0D    880
     126    1555       0       1       0       0       0       000010501D    881
     126       1       0       2       0       0       0               0D    882
     126    1557       0       1       0       0       0       000010501D    883
     126       1       0       2       0       0       0               0D    884
     102    1559       0       1       0       0       0       000010501D    885
     102       1       0       1       0       0       0               0D    886
     110    1560       0       1       0       0       0       000010001D    887
     110       1       0       1       0       0       0               0D    888
     124    1561       0       1       0       0       0       000010001D    889
     124       1       0       1       0       0       0               0D    890
     100    1562       0       1       0       0     889       000010001D    891
     100       1       0       1       0       0       0               0D    892
     110    1563       0       1       0       0       0       000010001D    893
     110       1       0       1       0       0       0               0D    894
     124    1564       0       1       0       0       0       000010001D    895
     124       1       0       1       0       0       0               0D    896
     100    1565       0       1       0       0     895       000010001D    897
     100       1       0       1       0       0       0               0D    898
     102    1566       0       1       0       0       0       000010001D    899
     102       1       0       1       0       0       0               0D    900
     142    1567       0       1       0       0       0       000010001D    901
     142       1       0       1       0       0       0               0D    902
     144    1568       0       1       0       0       0       000000001D    903
     144       1    -869       1       0       0       0               0D    904
     314    1569       0       1       0       0       0       000010001D    905
     314       1       0       2       0       0       0               0D    906
     110    1571       0       1       0       0       0       000010001D    907
     110       1       0       1       0       0       0               0D    908
     110    1572       0       1       0       0       0       000010001D    909
     110       1       0       1       0       0       0               0D    910
     120    1573       0       1       0       0       0       000010001D    911
     120       1       0       1       0       0       0               0D    912
     126    1574       0       1       0       0       0       000010501D    913
     126       1       0       2       0       0       0               0D    914
     126    1576       0       1       0       0       0       000010501D    915
     126       1       0       2       0       0       0               0D    916
     126    1578       0       1       0       0       0       000010501D    917
     126       1       0       4       0       0       0               0D    918
     126    1582       0       1       0       0       0       000010501D    919
     126       1       0       2       0       0       0               0D    920
     126    1584       0       1       0       0       0       000010501D    921
     126       1       0       4       0       0       0               0D    922
     102    1588       0       1       0       0       0       000010501D    923
     102       1       0       1       0       0       0               0D    924
     110    1589       0       1       0       0       0       000010001D    925
     110       1       0       2       0       0       0               0D    926
     110    1591       0       1       0       0       0       000010001D    927
     110       1       0       2       0       0       0               0D    928
     124    1593       0       1       0       0       0       000010001D    929
     124       1       0       1       0       0       0               0D    930
     100    1594       0       1       0       0     929       000010001D    931
     100       1       0       2       0       0       0               0D    932
     110    1596       0       1       0       0       0       000010001D    933
     110       1       0       2       0       0       0               0D    934
     124    1598       0       1       0       0       0       000010001D    935
     124       1       0       1       0       0       0               0D    936
     100    1599       0       1       0       0     935       000010001D    937
     100       1       0       2       0       0       0               0D    938
     102    1601       0       1       0       0       0       000010001D    939
     102       1       0       1       0       0       0               0D    940
     142    1602       0       1       0       0       0       000010001D    941
     142       1       0       1       0       0       0               0D    942
     144    1603       0       1       0       0       0       000000001D    943
     144       1    -905       1       0       0       0               0D    944
     314    1604       0       1       0       0       0       000010001D    945
     314       1       0       2       0       0       0               0D    946
     110    1606       0       1       0       0       0       000010001D    947
     110       1       0       2       0       0       0               0D    948
     122    1608       0       1       0       0       0       000010001D    949
     122       1       0       1       0       0       0               0D    950
     126    1609       0       1       0       0       0       000010501D    951
     126       1       0       2       0       0       0               0D    952
     126    1611       0       1       0       0       0       000010501D    953
     126       1       0       3       0       0       0               0D    954
     126    1614       0       1       0       0       0       000010501D    955
     126       1       0       2       0       0       0               0D    956
     126    1616       0       1       0       0       0       000010501D    957
     126       1       0       3       0       0       0               0D    958
     102    1619       0       1       0       0       0       000010501D    959
     102       1       0       1       0       0       0               0D    960
     110    1620       0       1       0       0       0       000010001D    961
     110       1       0       2       0       0       0               0D    962
     110    1622       0       1       0       0       0       000010001D    963
     110       1       0       2       0       0       0               0D    964
     110    1624       0       1       0       0       0       000010001D    965
     110       1       0       2       0       0       0               0D    966
     110    1626       0       1       0       0       0       000010001D    967
     110       1       0       2       0       0       0               0D    968
     102    1628       0       1       0       0       0       000010001D    969
     102       1       0       1       0       0       0               0D    970
     142    1629       0       1       0       0       0       000010001D    971
     142       1       0       1       0       0       0               0D    972
     126    1630       0       1       0       0       0       000010501D    973
     126       1       0      33       0       0       0               0D    974
     102    1663       0       1       0       0       0       000010501D    975
     102       1       0       1       0       0       0               0D    976
     124    1664       0       1       0       0       0       000010001D    977
     124       1       0       1       0       0       0               0D    978
     100    1665       0       1       0       0     977       000010001D    979
     100       1       0       1       0       0       0               0D    980
     102    1666       0       1       0       0       0       000010001D    981
     102       1       0       1       0       0       0               0D    982
     142    1667       0       1       0       0       0       000010001D    983
     142       1       0       1       0       0       0               0D    984
     126    1668       0       1       0       0       0       000010501D    985
     126       1       0      33       0       0       0               0D    986
     102    1701       0       1       0       0       0       000010501D    987
     102       1       0       1       0       0       0               0D    988
     124    1702       0       1       0       0       0       000010001D    989
     124       1       0       1       0       0       0               0D    990
     100    1703       0       1       0       0     989       000010001D    991
     100       1       0       1       0       0       0               0D    992
     102    1704       0       1       0       0       0       000010001D    993
     102       1       0       1       0       0       0               0D    994
     142    1705       0       1       0       0       0       000010001D    995
     142       1       0       1       0       0       0               0D    996
     144    1706       0       1       0       0       0       000000001D    997
     144       1    -945       1       0       0       0               0D    998
     314    1707       0       1       0       0       0       000010001D    999
     314       1       0       2       0       0       0               0D   1000
     110    1709       0       1       0       0       0       000010001D   1001
     110       1       0       1       0       0       0               0D   1002
     110    1710       0       1       0       0       0       000010001D   1003
     110       1       0       1       0       0       0               0D   1004
     120    1711       0       1       0       0       0       000010001D   1005
     120       1       0       1       0       0       0               0D   1006
     126    1712       0       1       0       0       0       000010501D   1007
     126       1       0       3       0       0       0               0D   1008
     126    1715       0       1       0       0       0       000010501D   1009
     126       1       0       2       0       0       0               0D   1010
     126    1717       0       1       0       0       0       000010501D   1011
     126       1       0       2       0       0       0               0D   1012
     126    1719       0       1       0       0       0       000010501D   1013
     126       1       0       2       0       0       0               0D   1014
     126    1721       0       1       0       0       0       000010501D   1015
     126       1       0       4       0       0       0               0D   1016
     126    1725       0       1       0       0       0       000010501D   1017
     126       1       0       2       0       0       0               0D   1018
     126    1727       0       1       0       0       0       000010501D   1019
     126       1       0       2       0       0       0               0D   1020
     126    1729       0       1       0       0       0       000010501D   1021
     126       1       0       2       0       0       0               0D   1022
     102    1731       0       1       0       0       0       000010501D   1023
     102       1       0       1       0       0       0               0D   1024
     124    1732       0       1       0       0       0       000010001D   1025
     124       1       0       1       0       0       0               0D   1026
     100    1733       0       1       0       0    1025       000010001D   1027
     100       1       0       1       0       0       0               0D   1028
     110    1734       0       1       0       0       0       000010001D   1029
     110       1       0       1       0       0       0               0D   1030
     124    1735       0       1       0       0       0       000010001D   1031
     124       1       0       1       0       0       0               0D   1032
     100    1736       0       1       0       0    1031       000010001D   1033
     100       1       0       1       0       0       0               0D   1034
     110    1737       0       1       0       0       0       000010001D   1035
     110       1       0       1       0       0       0               0D   1036
     102    1738       0       1       0       0       0       000010001D   1037
     102       1       0       1       0       0       0               0D   1038
     142    1739       0       1       0       0       0       000010001D   1039
     142       1       0       1       0       0       0               0D   1040
     126    1740       0       1       0       0       0       000010501D   1041
     126       1       0      68       0       0       0               0D   1042
     102    1808       0       1       0       0       0       000010501D   1043
     102       1       0       1       0       0       0               0D   1044
     126    1809       0       1       0       0       0       000010001D   1045
     126       1       0      99       0       0       0               0D   1046
     102    1908       0       1       0       0       0       000010001D   1047
     102       1       0       1       0       0       0               0D   1048
     142    1909       0       1       0       0       0       000010001D   1049
     142       1       0       1       0       0       0               0D   1050
     126    1910       0       1       0       0       0       000010501D   1051
     126       1       0      68       0       0       0               0D   1052
     102    1978       0       1       0       0       0       000010501D   1053
     102       1       0       1       0       0       0               0D   1054
     126    1979       0       1       0       0       0       000010001D   1055
     126       1       0      99       0       0       0               0D   1056
     102    2078       0       1       0       0       0       000010001D   1057
     102       1       0       1       0       0       0               0D   1058
     142    2079       0       1       0       0       0       000010001D   1059
     142       1       0       1       0       0       0               0D   1060
     144    2080       0       1       0       0       0       000000001D   1061
     144       1    -999       1       0       0       0               0D   1062
     314    2081       0       1       0       0       0       000010001D   1063
     314       1       0       2       0       0       0               0D   1064
     110    2083       0       1       0       0       0       000010001D   1065
     110       1       0       1       0       0       0               0D   1066
     110    2084       0       1       0       0       0       000010001D   1067
     110       1       0       1       0       0       0               0D   1068
     120    2085       0       1       0       0       0       000010001D   1069
     120       1       0       1       0       0       0               0D   1070
     126    2086       0       1       0       0       0       000010501D   1071
     126       1       0       3       0       0       0               0D   1072
     126    2089       0       1       0       0       0       000010501D   1073
     126       1       0       2       0       0       0               0D   1074
     126    2091       0       1       0       0       0       000010501D   1075
     126       1       0       2       0       0       0               0D   1076
     126    2093       0       1       0       0       0       000010501D   1077
     126       1       0       2       0       0       0               0D   1078
     126    2095       0       1       0       0       0       000010501D   1079
     126       1       0       4       0       0       0               0D   1080
     126    2099       0       1       0       0       0       000010501D   1081
     126       1       0       2       0       0       0               0D   1082
     126    2101       0       1       0       0       0       000010501D   1083
     126       1       0       2       0       0       0               0D   1084
     126    2103       0       1       0       0       0       000010501D   1085
     126       1       0       2       0       0       0               0D   1086
     102    2105       0       1       0       0       0       000010501D   1087
     102       1       0       1       0       0       0               0D   1088
     124    2106       0       1       0       0       0       000010001D   1089
     124       1       0       1       0       0       0               0D   1090
     100    2107       0       1       0       0    1089       000010001D   1091
     100       1       0       1       0       0       0               0D   1092
     110    2108       0       1       0       0       0       000010001D   1093
     110       1       0       1       0       0       0               0D   1094
     124    2109       0       1       0       0       0       000010001D   1095
     124       1       0       1       0       0       0               0D   1096
     100    2110       0       1       0       0    1095       000010001D   1097
     100       1       0       1       0       0       0               0D   1098
     110    2111       0       1       0       0       0       000010001D   1099
     110       1       0       1       0       0       0               0D   1100
     102    2112       0       1       0       0       0       000010001D   1101
     102       1       0       1       0       0       0               0D   1102
     142    2113       0       1       0       0       0       000010001D   1103
     142       1       0       1       0       0       0               0D   1104
     144    2114       0       1       0       0       0       000000001D   1105
     144       1   -1063       1       0       0       0               0D   1106
     314    2115       0       1       0       0       0       000010001D   1107
     314       1       0       2       0       0       0               0D   1108
     110    2117       0       1       0       0       0       000010001D   1109
     110       1       0       1       0       0       0               0D   1110
     122    2118       0       1       0       0       0       000010001D   1111
     122       1       0       1       0       0       0               0D   1112
     126    2119       0       1       0       0       0       000010501D   1113
     126       1       0      70       0       0       0               0D   1114
     126    2189       0       1       0       0       0       000010501D   1115
     126       1       0       4       0       0       0               0D   1116
     126    2193       0       1       0       0       0       000010501D   1117
     126       1       0       3       0       0       0               0D   1118
     126    2196       0       1       0       0       0       000010501D   1119
     126       1       0       3       0       0       0               0D   1120
     126    2199       0       1       0       0       0       000010501D   1121
     126       1       0      37       0       0       0               0D   1122
     126    2236       0       1       0       0       0       000010501D   1123
     126       1       0      35       0       0       0               0D   1124
     126    2271       0       1       0       0       0       000010501D   1125
     126       1       0      20       0       0       0               0D   1126
     126    2291       0       1       0       0       0       000010501D   1127
     126       1       0      37       0       0       0               0D   1128
     126    2328       0       1       0       0       0       000010501D   1129
     126       1       0       4       0       0       0               0D   1130
     102    2332       0       1       0       0       0       000010501D   1131
     102       1       0       1       0       0       0               0D   1132
     124    2333       0       1       0       0       0       000010001D   1133
     124       1       0       1       0       0       0               0D   1134
     100    2334       0       1       0       0    1133       000010001D   1135
     100       1       0       1       0       0       0               0D   1136
     110    2335       0       1       0       0       0       000010001D   1137
     110       1       0       1       0       0       0               0D   1138
     110    2336       0       1       0       0       0       000010001D   1139
     110       1       0       1       0       0       0               0D   1140
     110    2337       0       1       0       0       0       000010001D   1141
     110       1       0       1       0       0       0               0D   1142
     124    2338       0       1       0       0       0       000010001D   1143
     124       1       0       1       0       0       0               0D   1144
     100    2339       0       1       0       0    1143       000010001D   1145
     100       1       0       1       0       0       0               0D   1146
     124    2340       0       1       0       0       0       000010001D   1147
     124       1       0       1       0       0       0               0D   1148
     100    2341       0       1       0       0    1147       000010001D   1149
     100       1       0       1       0       0       0               0D   1150
     124    2342       0       1       0       0       0       000010001D   1151
     124       1       0       1       0       0       0               0D   1152
     100    2343       0       1       0       0    1151       000010001D   1153
     100       1       0       1       0       0       0               0D   1154
     124    2344       0       1       0       0       0       000010001D   1155
     124       1       0       1       0       0       0               0D   1156
     100    2345       0       1       0       0    1155       000010001D   1157
     100       1       0       2       0       0       0               0D   1158
     110    2347       0       1       0       0       0       000010001D   1159
     110       1       0       2       0       0       0               0D   1160
     102    2349       0       1       0       0       0       000010001D   1161
     102       1       0       1       0       0       0               0D   1162
     142    2350       0       1       0       0       0       000010001D   1163
     142       1       0       1       0       0       0               0D   1164
     126    2351       0       1       0       0       0       000010501D   1165
     126       1       0      70       0       0       0               0D   1166
     102    2421       0       1       0       0       0       000010501D   1167
     102       1       0       1       0       0       0               0D   1168
     124    2422       0       1       0       0       0       000010001D   1169
     124       1       0       1       0       0       0               0D   1170
     100    2423       0       1       0       0    1169       000010001D   1171
     100       1       0       1       0       0       0               0D   1172
     102    2424       0       1       0       0       0       000010001D   1173
     102       1       0       1       0       0       0               0D   1174
     142    2425       0       1       0       0       0       000010001D   1175
     142       1       0       1       0       0       0               0D   1176
     126    2426       0       1       0       0       0       000010501D   1177
     126       1       0      36       0       0       0               0D   1178
     102    2462       0       1       0       0       0       000010501D   1179
     102       1       0       1       0       0       0               0D   1180
     124    2463       0       1       0       0       0       000010001D   1181
     124       1       0       1       0       0       0               0D   1182
     100    2464       0       1       0       0    1181       000010001D   1183
     100       1       0       1       0       0       0               0D   1184
     102    2465       0       1       0       0       0       000010001D   1185
     102       1       0       1       0       0       0               0D   1186
     142    2466       0       1       0       0       0       000010001D   1187
     142       1       0       1       0       0       0               0D   1188
     144    2467       0       1       0       0       0       000000001D   1189
     144       1   -1107       1       0       0       0               0D   1190
     314    2468       0       1       0       0       0       000010001D   1191
     314       1       0       2       0       0       0               0D   1192
     110    2470       0       1       0       0       0       000010001D   1193
     110       1       0       1       0       0       0               0D   1194
     110    2471       0       1       0       0       0       000010001D   1195
     110       1       0       1       0       0       0               0D   1196
     120    2472       0       1       0       0       0       000010001D   1197
     120       1       0       1       0       0       0               0D   1198
     126    2473       0       1       0       0       0       000010501D   1199
     126       1       0       4       0       0       0               0D   1200
     126    2477       0       1       0       0       0       000010501D   1201
     126       1       0       2       0       0       0               0D   1202
     126    2479       0       1       0       0       0       000010501D   1203
     126       1       0       4       0       0       0               0D   1204
     126    2483       0       1       0       0       0       000010501D   1205
     126       1       0       2       0       0       0               0D   1206
     102    2485       0       1       0       0       0       000010501D   1207
     102       1       0       1       0       0       0               0D   1208
     124    2486       0       1       0       0       0       000010001D   1209
     124       1       0       1       0       0       0               0D   1210
     100    2487       0       1       0       0    1209       000010001D   1211
     100       1       0       1       0       0       0               0D   1212
     110    2488       0       1       0       0       0       000010001D   1213
     110       1       0       1       0       0       0               0D   1214
     124    2489       0       1       0       0       0       000010001D   1215
     124       1       0       1       0       0       0               0D   1216
     100    2490       0       1       0       0    1215       000010001D   1217
     100       1       0       1       0       0       0               0D   1218
     110    2491       0       1       0       0       0       000010001D   1219
     110       1       0       2       0       0       0               0D   1220
     102    2493       0       1       0       0       0       000010001D   1221
     102       1       0       1       0       0       0               0D   1222
     142    2494       0       1       0       0       0       000010001D   1223
     142       1       0       1       0       0       0               0D   1224
     144    2495       0       1       0       0       0       000000001D   1225
     144       1   -1191       1       0       0       0               0D   1226
     314    2496       0       1       0       0       0       000010001D   1227
     314       1       0       2       0       0       0               0D   1228
     110    2498       0       1       0       0       0       000010001D   1229
     110       1       0       2       0       0       0               0D   1230
     122    2500       0       1       0       0       0       000010001D   1231
     122       1       0       1       0       0       0               0D   1232
     126    2501       0       1       0       0       0       000010501D   1233
     126       1       0       4       0       0       0               0D   1234
     126    2505       0       1       0       0       0       000010501D   1235
     126       1       0      70       0       0       0               0D   1236
     126    2575       0       1       0       0       0       000010501D   1237
     126       1       0       4       0       0       0               0D   1238
     126    2579       0       1       0       0       0       000010501D   1239
     126       1       0      37       0       0       0               0D   1240
     126    2616       0       1       0       0       0       000010501D   1241
     126       1       0      12       0       0       0               0D   1242
     126    2628       0       1       0       0       0       000010501D   1243
     126       1       0      37       0       0       0               0D   1244
     126    2665       0       1       0       0       0       000010501D   1245
     126       1       0       3       0       0       0               0D   1246
     126    2668       0       1       0       0       0       000010501D   1247
     126       1       0       3       0       0       0               0D   1248
     102    2671       0       1       0       0       0       000010501D   1249
     102       1       0       1       0       0       0               0D   1250
     110    2672       0       1       0       0       0       000010001D   1251
     110       1       0       1       0       0       0               0D   1252
     124    2673       0       1       0       0       0       000010001D   1253
     124       1       0       1       0       0       0               0D   1254
     100    2674       0       1       0       0    1253       000010001D   1255
     100       1       0       1       0       0       0               0D   1256
     110    2675       0       1       0       0       0       000010001D   1257
     110       1       0       2       0       0       0               0D   1258
     124    2677       0       1       0       0       0       000010001D   1259
     124       1       0       1       0       0       0               0D   1260
     100    2678       0       1       0       0    1259       000010001D   1261
     100       1       0       2       0       0       0               0D   1262
     124    2680       0       1       0       0       0       000010001D   1263
     124       1       0       1       0       0       0               0D   1264
     100    2681       0       1       0       0    1263       000010001D   1265
     100       1       0       1       0       0       0               0D   1266
     124    2682       0       1       0       0       0       000010001D   1267
     124       1       0       1       0       0       0               0D   1268
     100    2683       0       1       0       0    1267       000010001D   1269
     100       1       0       1       0       0       0               0D   1270
     110    2684       0       1       0       0       0       000010001D   1271
     110       1       0       1       0       0       0               0D   1272
     110    2685       0       1       0       0       0       000010001D   1273
     110       1       0       1       0       0       0               0D   1274
     102    2686       0       1       0       0       0       000010001D   1275
     102       1       0       1       0       0       0               0D   1276
     142    2687       0       1       0       0       0       000010001D   1277
     142       1       0       1       0       0       0               0D   1278
     126    2688       0       1       0       0       0       000010501D   1279
     126       1       0      70       0       0       0               0D   1280
     102    2758       0       1       0       0       0       000010501D   1281
     102       1       0       1       0       0       0               0D   1282
     124    2759       0       1       0       0       0       000010001D   1283
     124       1       0       1       0       0       0               0D   1284
     100    2760       0       1       0       0    1283       000010001D   1285
     100       1       0       1       0       0       0               0D   1286
     102    2761       0       1       0       0       0       000010001D   1287
     102       1       0       1       0       0       0               0D   1288
     142    2762       0       1       0       0       0       000010001D   1289
     142       1       0       1       0       0       0               0D   1290
     144    2763       0       1       0       0       0       000000001D   1291
     144       1   -1227       1       0       0       0               0D   1292
     314    2764       0       1       0       0       0       000010001D   1293
     314       1       0       2       0       0       0               0D   1294
     110    2766       0       1       0       0       0       000010001D   1295
     110       1       0       1       0       0       0               0D   1296
     110    2767       0       1       0       0       0       000010001D   1297
     110       1       0       1       0       0       0               0D   1298
     120    2768       0       1       0       0       0       000010001D   1299
     120       1       0       1       0       0       0               0D   1300
     126    2769       0       1       0       0       0       000010501D   1301
     126       1       0      51       0       0       0               0D   1302
     126    2820       0       1       0       0       0       000010501D   1303
     126       1       0       2       0       0       0               0D   1304
     126    2822       0       1       0       0       0       000010501D   1305
     126       1       0       3       0       0       0               0D   1306
     126    2825       0       1       0       0       0       000010501D   1307
     126       1       0       2       0       0       0               0D   1308
     126    2827       0       1       0       0       0       000010501D   1309
     126       1       0      52       0       0       0               0D   1310
     126    2879       0       1       0       0       0       000010501D   1311
     126       1       0       2       0       0       0               0D   1312
     126    2881       0       1       0       0       0       000010501D   1313
     126       1       0       3       0       0       0               0D   1314
     126    2884       0       1       0       0       0       000010501D   1315
     126       1       0       2       0       0       0               0D   1316
     102    2886       0       1       0       0       0       000010501D   1317
     102       1       0       1       0       0       0               0D   1318
     126    2887       0       1       0       0       0       000010001D   1319
     126       1       0      97       0       0       0               0D   1320
     110    2984       0       1       0       0       0       000010001D   1321
     110       1       0       1       0       0       0               0D   1322
     126    2985       0       1       0       0       0       000010001D   1323
     126       1       0      99       0       0       0               0D   1324
     110    3084       0       1       0       0       0       000010001D   1325
     110       1       0       1       0       0       0               0D   1326
     102    3085       0       1       0       0       0       000010001D   1327
     102       1       0       1       0       0       0               0D   1328
     142    3086       0       1       0       0       0       000010001D   1329
     142       1       0       1       0       0       0               0D   1330
     144    3087       0       1       0       0       0       000000001D   1331
     144       1   -1293       1       0       0       0               0D   1332
     314    3088       0       1       0       0       0       000010001D   1333
     314       1       0       2       0       0       0               0D   1334
     110    3090       0       1       0       0       0       000010001D   1335
     110       1       0       1       0       0       0               0D   1336
     110    3091       0       1       0       0       0       000010001D   1337
     110       1       0       1       0       0       0               0D   1338
     120    3092       0       1       0       0       0       000010001D   1339
     120       1       0       1       0       0       0               0D   1340
     126    3093       0       1       0       0       0       000010501D   1341
     126       1       0      52       0       0       0               0D   1342
     126    3145       0       1       0       0       0       000010501D   1343
     126       1       0       2       0       0       0               0D   1344
     126    3147       0       1       0       0       0       000010501D   1345
     126       1       0       3       0       0       0               0D   1346
     126    3150       0       1       0       0       0       000010501D   1347
     126       1       0       2       0       0       0               0D   1348
     126    3152       0       1       0       0       0       000010501D   1349
     126       1       0      51       0       0       0               0D   1350
     126    3203       0       1       0       0       0       000010501D   1351
     126       1       0       2       0       0       0               0D   1352
     126    3205       0       1       0       0       0       000010501D   1353
     126       1       0       3       0       0       0               0D   1354
     126    3208       0       1       0       0       0       000010501D   1355
     126       1       0       2       0       0       0               0D   1356
     102    3210       0       1       0       0       0       000010501D   1357
     102       1       0       1       0       0       0               0D   1358
     126    3211       0       1       0       0       0       000010001D   1359
     126       1       0      99       0       0       0               0D   1360
     110    3310       0       1       0       0       0       000010001D   1361
     110       1       0       1       0       0       0               0D   1362
     126    3311       0       1       0       0       0       000010001D   1363
     126       1       0      97       0       0       0               0D   1364
     110    3408       0       1       0       0       0       000010001D   1365
     110       1       0       1       0       0       0               0D   1366
     102    3409       0       1       0       0       0       000010001D   1367
     102       1       0       1       0       0       0               0D   1368
     142    3410       0       1       0       0       0       000010001D   1369
     142       1       0       1       0       0       0               0D   1370
     144    3411       0       1       0       0       0       000000001D   1371
     144       1   -1333       1       0       0       0               0D   1372
     314    3412       0       1       0       0       0       000010001D   1373
     314       1       0       2       0       0       0               0D   1374
     110    3414       0       1       0       0       0       000010001D   1375
     110       1       0       2       0       0       0               0D   1376
     110    3416       0       1       0       0       0       000010001D   1377
     110       1       0       1       0       0       0               0D   1378
     120    3417       0       1       0       0       0       000010001D   1379
     120       1       0       1       0       0       0               0D   1380
     126    3418       0       1       0       0       0       000010501D   1381
     126       1       0       2       0       0       0               0D   1382
     126    3420       0       1       0       0       0       000010501D   1383
     126       1       0       2       0       0       0               0D   1384
     126    3422       0       1       0       0       0       000010501D   1385
     126       1       0       2       0       0       0               0D   1386
     126    3424       0       1       0       0       0       000010501D   1387
     126       1       0       2       0       0       0               0D   1388
     126    3426       0       1       0       0       0       000010501D   1389
     126       1       0       2       0       0       0               0D   1390
     126    3428       0       1       0       0       0       000010501D   1391
     126       1       0       2       0       0       0               0D   1392
     126    3430       0       1       0       0       0       000010501D   1393
     126       1       0       2       0       0       0               0D   1394
     126    3432       0       1       0       0       0       000010501D   1395
     126       1       0       2       0       0       0               0D   1396
     102    3434       0       1       0       0       0       000010501D   1397
     102       1       0       1       0       0       0               0D   1398
     124    3435       0       1       0       0       0       000010001D   1399
     124       1       0       2       0       0       0               0D   1400
     100    3437       0       1       0       0    1399       000010001D   1401
     100       1       0       1       0       0       0               0D   1402
     110    3438       0       1       0       0       0       000010001D   1403
     110       1       0       1       0       0       0               0D   1404
     124    3439       0       1       0       0       0       000010001D   1405
     124       1       0       1       0       0       0               0D   1406
     100    3440       0       1       0       0    1405       000010001D   1407
     100       1       0       1       0       0       0               0D   1408
     110    3441       0       1       0       0       0       000010001D   1409
     110       1       0       1       0       0       0               0D   1410
     102    3442       0       1       0       0       0       000010001D   1411
     102       1       0       1       0       0       0               0D   1412
     142    3443       0       1       0       0       0       000010001D   1413
     142       1       0       1       0       0       0               0D   1414
     144    3444       0       1       0       0       0       000000001D   1415
     144       1   -1373       1       0       0       0               0D   1416
     314    3445       0       1       0       0       0       000010001D   1417
     314       1       0       2       0       0       0               0D   1418
     110    3447       0       1       0       0       0       000010001D   1419
     110       1       0       2       0       0       0               0D   1420
     110    3449       0       1       0       0       0       000010001D   1421
     110       1       0       1       0       0       0               0D   1422
     120    3450       0       1       0       0       0       000010001D   1423
     120       1       0       1       0       0       0               0D   1424
     126    3451       0       1       0       0       0       000010501D   1425
     126       1       0       2       0       0       0               0D   1426
     126    3453       0       1       0       0       0       000010501D   1427
     126       1       0       2       0       0       0               0D   1428
     126    3455       0       1       0       0       0       000010501D   1429
     126       1       0       2       0       0       0               0D   1430
     126    3457       0       1       0       0       0       000010501D   1431
     126       1       0       2       0       0       0               0D   1432
     126    3459       0       1       0       0       0       000010501D   1433
     126       1       0       2       0       0       0               0D   1434
     126    3461       0       1       0       0       0       000010501D   1435
     126       1       0       2       0       0       0               0D   1436
     126    3463       0       1       0       0       0       000010501D   1437
     126       1       0       2       0       0       0               0D   1438
     126    3465       0       1       0       0       0       000010501D   1439
     126       1       0       2       0       0       0               0D   1440
     102    3467       0       1       0       0       0       000010501D   1441
     102       1       0       1       0       0       0               0D   1442
     124    3468       0       1       0       0       0       000010001D   1443
     124       1       0       2       0       0       0               0D   1444
     100    3470       0       1       0       0    1443       000010001D   1445
     100       1       0       1       0       0       0               0D   1446
     110    3471       0       1       0       0       0       000010001D   1447
     110       1       0       1       0       0       0               0D   1448
     124    3472       0       1       0       0       0       000010001D   1449
     124       1       0       1       0       0       0               0D   1450
     100    3473       0       1       0       0    1449       000010001D   1451
     100       1       0       1       0       0       0               0D   1452
     110    3474       0       1       0       0       0       000010001D   1453
     110       1       0       1       0       0       0               0D   1454
     102    3475       0       1       0       0       0       000010001D   1455
     102       1       0       1       0       0       0               0D   1456
     142    3476       0       1       0       0       0       000010001D   1457
     142       1       0       1       0       0       0               0D   1458
     144    3477       0       1       0       0       0       000000001D   1459
     144       1   -1417       1       0       0       0               0D   1460
314,64.70588445663452,64.70588445663452,64.70588445663452,10HMix       1P      1
edColor;                                                               1P      2
110,-0.05171302196451,-0.005313,0.,-0.04108331728426,-0.005313,        3P      3
0.;                                                                    3P      4
122,3,-0.05171302196451,0.005313,0.;                                   5P      5
126,2,2,1,0,1,0,-3.14159265358979,-3.14159265358979,                   7P      6
-3.14159265358979,-3.11596702332442,-3.11596702332442,                 7P      7
-3.11596702332442,1.,1.,1.,0.99372675744571,0.5,0.,                    7P      8
0.99372675744571,0.51344538933674,0.,0.99407114624506,                 7P      9
0.52688636430347,0.,-3.14159265358979,-3.11596702332442,0.,0.,         7P     10
1.;                                                                    7P     11
126,8,2,1,0,1,0,0.05537535558755,0.05537535558755,                     9P     12
0.05537535558755,0.26119860801775,0.26119860801775,                    9P     13
0.46702186044795,0.46702186044795,0.67284511287815,                    9P     14
0.67284511287815,0.87866836530836,0.87866836530836,                    9P     15
0.87866836530836,1.,1.,1.,1.,1.,1.,1.,1.,1.,0.99407114624506,          9P     16
0.52688636430347,0.,0.99124799548259,0.57783407819391,0.,              9P     17
0.97807571921406,0.62712926478323,0.,0.96490344294552,                 9P     18
0.67642445137256,0.,0.94193809391304,0.72198617012189,0.,              9P     19
0.91897274488056,0.76754788887122,0.,0.88718377931502,                 9P     20
0.80745280336322,0.,0.85539481374947,0.84735771785521,0.,              9P     21
0.81612416687237,0.87992128726525,0.,0.05537535558755,                 9P     22
0.87866836530836,0.,0.,1.;                                             9P     23
126,1,1,1,0,1,0,0.,0.,1.,1.,1.,1.,0.81612416687237,                   11P     24
0.87992128726525,0.,0.81590018941775,0.87965098907919,0.,0.,1.,       11P     25
0.,0.,1.;                                                             11P     26
126,32,2,1,0,1,0,0.87635852180701,0.87635852180701,                   13P     27
0.87635852180701,1.2142851958928,1.2142851958928,                     13P     28
1.55221186997858,1.55221186997858,1.89013854406437,                   13P     29
1.89013854406437,2.22806521815015,2.22806521815015,                   13P     30
2.56599189223594,2.56599189223594,2.90391856632173,                   13P     31
2.90391856632173,3.24184524040751,3.24184524040751,                   13P     32
3.5797719144933,3.5797719144933,3.91769858857908,                     13P     33
3.91769858857908,4.25562526266487,4.25562526266487,                   13P     34
4.59355193675066,4.59355193675066,4.93147861083644,                   13P     35
4.93147861083644,5.26940528492223,5.26940528492223,                   13P     36
5.60733195900801,5.60733195900801,5.9452586330938,                    13P     37
5.9452586330938,6.28318530717959,6.28318530717959,                    13P     38
6.28318530717959,1.,1.,1.,1.,1.,1.,1.,1.,1.,1.,1.,1.,1.,1.,1.,        13P     39
1.,1.,1.,1.,1.,1.,1.,1.,1.,1.,1.,1.,1.,1.,1.,1.,1.,1.,                13P     40
0.81590018941775,0.87965098907919,0.,0.75115817408529,                13P     41
0.93358851294128,0.,0.67220193506167,0.96300403355317,0.,             13P     42
0.59324569603805,0.99241955416506,0.,0.50900612098369,                13P     43
0.99398582705174,0.,0.42476654592932,0.99555209993843,0.,             13P     44
0.34477213051059,0.96909196104842,0.,0.26477771509187,                13P     45
0.94263182215841,0.,0.19807677704022,0.89113822722044,0.,             13P     46
0.13137583898858,0.83964463228248,0.,0.08551304598258,                13P     47
0.76894211799319,0.,0.03965025297659,0.6982396037039,0.,              13P     48
0.01981323118987,0.61632546350375,0.,-0.00002379059686,               13P     49
0.53441132330359,0.,0.00840876141906,0.45055101857945,0.,             13P     50
0.01684131343497,0.36669071385531,0.,0.05258961754575,                13P     51
0.29036984029817,0.,0.08833792165654,0.21404896674103,0.,             13P     52
0.14735842041807,0.15390032090138,0.,0.2063789191796,                 13P     53
0.09375167506174,0.,0.28199569374596,0.05657878260853,0.,             13P     54
0.35761246831231,0.01940589015532,0.,0.44127236408488,                13P     55
0.00941344638073,0.,0.52493225985745,-0.00057899739385,0.,            13P     56
0.60717234977605,0.01773927148815,0.,0.68941243969465,                13P     57
0.03605754037016,0.,0.76093039359097,0.08061450830297,0.,             13P     58
0.8324483474873,0.12517147623578,0.,0.88515463602398,                 13P     59
0.19092722135867,0.,0.93786092456066,0.25668296648155,0.,             13P     60
0.96579384100318,0.33619973365342,0.,0.99372675744571,                13P     61
0.41571650082529,0.,0.99372675744571,0.5,0.,0.87635852180701,         13P     62
6.28318530717959,0.,0.,1.;                                            13P     63
102,4,7,9,11,13;                                                      15P     64
124,1.,0.,0.,-0.03,0.,-1.,0.,0.,0.,0.,-1.,0.;                         17P     65
100,0.,0.,0.,-0.01115,-0.,-0.01114633924877,-0.00028569450709;        19P     66
124,1.,0.,0.,-0.0463882919267,0.,1.,0.,-0.00000487755345,0.,0.,       21P     67
1.,0.;                                                                21P     68
100,0.,0.,0.,0.00524195267793,0.00029057206054,0.00335042883845,      23P     69
0.00404192115193;                                                     23P     70
124,1.,0.,0.,-0.0464,0.,1.,0.,-0.,0.,0.,1.,0.;                        25P     71
100,0.,0.,0.,0.00335975609756,0.00403417140996,0.00525,-0.;           27P     72
102,3,19,23,27;                                                       29P     73
142,1,5,15,29,2;                                                      31P     74
126,32,2,1,1,1,1,-6.28318530717959,-6.28318530717959,                 33P     75
-6.28318530717959,-5.89048622548086,-5.89048622548086,                33P     76
-5.49778714378214,-5.49778714378214,-5.10508806208341,                33P     77
-5.10508806208341,-4.71238898038469,-4.71238898038469,                33P     78
-4.31968989868597,-4.31968989868597,-3.92699081698724,                33P     79
-3.92699081698724,-3.53429173528852,-3.53429173528852,                33P     80
-3.14159265358979,-3.14159265358979,-2.74889357189107,                33P     81
-2.74889357189107,-2.35619449019234,-2.35619449019234,                33P     82
-1.96349540849362,-1.96349540849362,-1.5707963267949,                 33P     83
-1.5707963267949,-1.17809724509617,-1.17809724509617,                 33P     84
-0.78539816339745,-0.78539816339745,-0.39269908169872,                33P     85
-0.39269908169872,0.,0.,0.,1.,1.,1.,1.,1.,1.,1.,1.,1.,1.,1.,1.,       33P     86
1.,1.,1.,1.,1.,1.,1.,1.,1.,1.,1.,1.,1.,1.,1.,1.,1.,1.,1.,1.,1.,       33P     87
0.75853678037648,0.5,0.,0.75853678037648,0.44852164405288,0.,         33P     88
0.73884373227299,0.40096184462601,0.,0.7191506841695,                 33P     89
0.35340204519914,0.,0.68276267601836,0.3170013506246,0.,              33P     90
0.64637466786722,0.28060065605006,0.,0.59883144405132,                33P     91
0.2609007421037,0.,0.55128822023541,0.24120082815735,0.,              33P     92
0.49982780560032,0.24120082815735,0.,0.44836739096523,                33P     93
0.24120082815735,0.,0.40082416714933,0.2609007421037,0.,              33P     94
0.35328094333343,0.28060065605006,0.,0.31689293518229,                33P     95
0.3170013506246,0.,0.28050492703114,0.35340204519914,0.,              33P     96
0.26081187892766,0.40096184462601,0.,0.24111883082417,                33P     97
0.44852164405288,0.,0.24111883082417,0.5,0.,0.24111883082417,         33P     98
0.55147835594712,0.,0.26081187892766,0.59903815537399,0.,             33P     99
0.28050492703114,0.64659795480086,0.,0.31689293518229,                33P    100
0.6829986493754,0.,0.35328094333343,0.71939934394994,0.,              33P    101
0.40082416714933,0.7390992578963,0.,0.44836739096523,                 33P    102
0.75879917184265,0.,0.49982780560032,0.75879917184265,0.,             33P    103
0.55128822023541,0.75879917184265,0.,0.59883144405132,                33P    104
0.7390992578963,0.,0.64637466786722,0.71939934394994,0.,              33P    105
0.68276267601836,0.6829986493754,0.,0.7191506841695,                  33P    106
0.64659795480086,0.,0.73884373227299,0.59903815537399,0.,             33P    107
0.75853678037648,0.55147835594712,0.,0.75853678037648,0.5,0.,         33P    108
-6.28318530717959,0.,0.,0.,1.;                                        33P    109
102,1,33;                                                             35P    110
124,1.,0.,0.,-0.0464,0.,-1.,0.,0.,0.,0.,-1.,0.;                       37P    111
100,0.,0.,0.,0.00275,0.,0.00275,0.;                                   39P    112
102,1,39;                                                             41P    113
142,1,5,35,41,2;                                                      43P    114
144,5,1,1,31,43;                                                      45P    115
314,64.70588445663452,64.70588445663452,64.70588445663452,10HMix      47P    116
edColor;                                                              47P    117
110,-0.01729872053689,0.005,-0.025,-0.01729872053689,0.005,           49P    118
0.025;                                                                49P    119
122,49,0.,0.005,-0.025;                                               51P    120
126,1,1,1,0,1,0,0.,0.,0.05,0.05,1.,1.,0.,0.,0.,1.,0.,0.,0.,0.05,      53P    121
0.,0.,1.;                                                             53P    122
126,1,1,1,0,1,0,-0.00864936026845,-0.00864936026845,                  55P    123
0.00864936026845,0.00864936026845,1.,1.,1.,0.,0.,1.,1.,0.,            55P    124
-0.00864936026845,0.00864936026845,0.,0.,1.;                          55P    125
126,1,1,1,0,1,0,-0.05,-0.05,0.,0.,1.,1.,1.,1.,0.,0.,1.,0.,-0.05,      57P    126
0.,0.,0.,1.;                                                          57P    127
126,1,1,1,0,1,0,-0.00864936026845,-0.00864936026845,                  59P    128
0.00864936026845,0.00864936026845,1.,1.,0.,1.,0.,0.,0.,0.,            59P    129
-0.00864936026845,0.00864936026845,0.,0.,1.;                          59P    130
102,4,53,55,57,59;                                                    61P    131
110,-0.01729872053689,0.005,-0.025,-0.01729872053689,0.005,           63P    132
0.025;                                                                63P    133
110,-0.01729872053689,0.005,0.025,0.,0.005,0.025;                     65P    134
110,0.,0.005,0.025,0.,0.005,-0.025;                                   67P    135
110,0.,0.005,-0.025,-0.01729872053689,0.005,-0.025;                   69P    136
102,4,63,65,67,69;                                                    71P    137
142,1,51,61,71,2;                                                     73P    138
126,32,2,1,1,1,1,-6.28318530717959,-6.28318530717959,                 75P    139
-6.28318530717959,-5.89048622548086,-5.89048622548086,                75P    140
-5.49778714378214,-5.49778714378214,-5.10508806208341,                75P    141
-5.10508806208341,-4.71238898038469,-4.71238898038469,                75P    142
-4.31968989868597,-4.31968989868597,-3.92699081698724,                75P    143
-3.92699081698724,-3.53429173528852,-3.53429173528852,                75P    144
-3.14159265358979,-3.14159265358979,-2.74889357189107,                75P    145
-2.74889357189107,-2.35619449019234,-2.35619449019234,                75P    146
-1.96349540849362,-1.96349540849362,-1.5707963267949,                 75P    147
-1.5707963267949,-1.17809724509617,-1.17809724509617,                 75P    148
-0.78539816339745,-0.78539816339745,-0.39269908169872,                75P    149
-0.39269908169872,0.,0.,0.,1.,1.,1.,1.,1.,1.,1.,1.,1.,1.,1.,1.,       75P    150
1.,1.,1.,1.,1.,1.,1.,1.,1.,1.,1.,1.,1.,1.,1.,1.,1.,1.,1.,1.,1.,       75P    151
0.3,0.5,0.,0.3,0.4712533122095,0.,0.29619397662556,                   75P    152
0.44469483573236,0.,0.29238795325113,0.41813635925522,0.,             75P    153
0.28535533905933,0.39780938138191,0.,0.27832272486753,                75P    154
0.37748240350859,0.,0.26913417161825,0.36648152235579,0.,             75P    155
0.25994561836898,0.355480641203,0.,0.25,0.355480641203,0.,            75P    156
0.24005438163102,0.355480641203,0.,0.23086582838175,                  75P    157
0.36648152235579,0.,0.22167727513247,0.37748240350859,0.,             75P    158
0.21464466094067,0.39780938138191,0.,0.20761204674887,                75P    159
0.41813635925522,0.,0.20380602337444,0.44469483573236,0.,0.2,         75P    160
0.4712533122095,0.,0.2,0.5,0.,0.2,0.5287466877905,0.,                 75P    161
0.20380602337444,0.55530516426764,0.,0.20761204674887,                75P    162
0.58186364074478,0.,0.21464466094067,0.60219061861809,0.,             75P    163
0.22167727513247,0.62251759649141,0.,0.23086582838175,                75P    164
0.63351847764421,0.,0.24005438163102,0.644519358797,0.,0.25,          75P    165
0.644519358797,0.,0.25994561836898,0.644519358797,0.,                 75P    166
0.26913417161825,0.63351847764421,0.,0.27832272486753,                75P    167
0.62251759649141,0.,0.28535533905933,0.60219061861809,0.,             75P    168
0.29238795325113,0.58186364074478,0.,0.29619397662556,                75P    169
0.55530516426764,0.,0.3,0.5287466877905,0.,0.3,0.5,0.,                75P    170
-6.28318530717959,0.,0.,0.,1.;                                        75P    171
102,1,75;                                                             77P    172
124,0.,-1.,0.,-0.00864936026845,0.,0.,-1.,0.005,1.,0.,0.,             79P    173
-0.0125;                                                              79P    174
100,0.,0.,0.,0.0025,0.,0.0025,0.;                                     81P    175
102,1,81;                                                             83P    176
142,1,51,77,83,2;                                                     85P    177
126,32,2,1,1,1,1,-6.28318530717959,-6.28318530717959,                 87P    178
-6.28318530717959,-5.89048622548086,-5.89048622548086,                87P    179
-5.49778714378214,-5.49778714378214,-5.10508806208341,                87P    180
-5.10508806208341,-4.71238898038469,-4.71238898038469,                87P    181
-4.31968989868597,-4.31968989868597,-3.92699081698724,                87P    182
-3.92699081698724,-3.53429173528852,-3.53429173528852,                87P    183
-3.14159265358979,-3.14159265358979,-2.74889357189107,                87P    184
-2.74889357189107,-2.35619449019234,-2.35619449019234,                87P    185
-1.96349540849362,-1.96349540849362,-1.5707963267949,                 87P    186
-1.5707963267949,-1.17809724509617,-1.17809724509617,                 87P    187
-0.78539816339745,-0.78539816339745,-0.39269908169872,                87P    188
-0.39269908169872,0.,0.,0.,1.,1.,1.,1.,1.,1.,1.,1.,1.,1.,1.,1.,       87P    189
1.,1.,1.,1.,1.,1.,1.,1.,1.,1.,1.,1.,1.,1.,1.,1.,1.,1.,1.,1.,1.,       87P    190
0.8,0.5,0.,0.8,0.4712533122095,0.,0.79619397662556,                   87P    191
0.44469483573236,0.,0.79238795325113,0.41813635925522,0.,             87P    192
0.78535533905933,0.39780938138191,0.,0.77832272486753,                87P    193
0.37748240350859,0.,0.76913417161825,0.36648152235579,0.,             87P    194
0.75994561836898,0.355480641203,0.,0.75,0.355480641203,0.,            87P    195
0.74005438163102,0.355480641203,0.,0.73086582838175,                  87P    196
0.36648152235579,0.,0.72167727513247,0.37748240350859,0.,             87P    197
0.71464466094067,0.39780938138191,0.,0.70761204674887,                87P    198
0.41813635925522,0.,0.70380602337444,0.44469483573236,0.,0.7,         87P    199
0.4712533122095,0.,0.7,0.5,0.,0.7,0.5287466877905,0.,                 87P    200
0.70380602337444,0.55530516426764,0.,0.70761204674887,                87P    201
0.58186364074478,0.,0.71464466094067,0.60219061861809,0.,             87P    202
0.72167727513247,0.62251759649141,0.,0.73086582838175,                87P    203
0.63351847764421,0.,0.74005438163102,0.644519358797,0.,0.75,          87P    204
0.644519358797,0.,0.75994561836898,0.644519358797,0.,                 87P    205
0.76913417161825,0.63351847764421,0.,0.77832272486753,                87P    206
0.62251759649141,0.,0.78535533905933,0.60219061861809,0.,             87P    207
0.79238795325113,0.58186364074478,0.,0.79619397662556,                87P    208
0.55530516426764,0.,0.8,0.5287466877905,0.,0.8,0.5,0.,                87P    209
-6.28318530717959,0.,0.,0.,1.;                                        87P    210
102,1,87;                                                             89P    211
124,0.,-1.,0.,-0.00864936026845,0.,0.,-1.,0.005,1.,0.,0.,0.0125;      91P    212
100,0.,0.,0.,0.0025,0.,0.0025,0.;                                     93P    213
102,1,93;                                                             95P    214
142,1,51,89,95,2;                                                     97P    215
144,51,1,2,73,85,97;                                                  99P    216
314,64.70588445663452,64.70588445663452,64.70588445663452,10HMix     101P    217
edColor;                                                             101P    218
110,-0.03,-0.,-0.025,-0.03,-0.,0.975;                                103P    219
110,-0.01635,-0.,0.025,-0.01635,-0.,-0.025;                          105P    220
120,103,105,0.,6.28318530717959;                                     107P    221
126,1,1,1,0,1,0,0.,0.,0.025,0.025,1.,1.,1.,2.84156806909494,0.,      109P    222
0.5,2.84156806909494,0.,0.,0.025,0.,0.,1.;                           109P    223
126,1,1,1,0,1,0,0.,0.,1.,1.,1.,1.,0.5,2.84156806909494,0.,0.5,       111P    224
2.84127235199882,0.,0.,1.,0.,0.,1.;                                  111P    225
126,1,1,1,0,1,0,-0.025,-0.025,0.,0.,1.,1.,0.5,2.84127235199882,      113P    226
0.,0.,2.84127235199882,0.,-0.025,0.,0.,0.,1.;                        113P    227
126,1,1,1,0,1,0,-2.84127235199882,-2.84127235199882,                 115P    228
-0.37502991633553,-0.37502991633553,1.,1.,0.,2.84127235199882,       115P    229
0.,0.,0.37502991633553,0.,-2.84127235199882,-0.37502991633553,       115P    230
0.,0.,1.;                                                            115P    231
126,1,1,1,0,1,0,-0.05,-0.05,0.,0.,1.,1.,0.,0.37502991633553,0.,      117P    232
1.,0.37502991633553,0.,-0.05,0.,0.,0.,1.;                            117P    233
126,1,1,1,0,1,0,0.37502991633553,0.37502991633553,                   119P    234
2.84156806909494,2.84156806909494,1.,1.,1.,0.37502991633553,0.,      119P    235
1.,2.84156806909494,0.,0.37502991633553,2.84156806909494,0.,0.,      119P    236
1.;                                                                  119P    237
102,6,109,111,113,115,117,119;                                       121P    238
110,-0.04304024390244,0.00403417140996,-0.025,-0.04304024390244,     123P    239
0.00403417140996,0.;                                                 123P    240
110,-0.04303905035883,0.00403802745657,0.,-0.04303905035883,         125P    241
0.00403802745657,0.025;                                              125P    242
124,1.,0.,0.,-0.03,0.,-1.,0.,-0.,0.,0.,-1.,0.025;                    127P    243
100,0.,0.,0.,-0.01303905035883,-0.00403802745657,                    129P    244
0.01270127946311,-0.005;                                             129P    245
110,-0.01729872053689,0.005,0.025,-0.01729872053689,0.005,           131P    246
-0.025;                                                              131P    247
124,1.,0.,0.,-0.03,0.,1.,0.,-0.,0.,0.,1.,-0.025;                     133P    248
100,0.,0.,0.,0.01270127946311,0.005,-0.01304024390244,               135P    249
0.00403417140996;                                                    135P    250
102,5,123,125,129,131,135;                                           137P    251
142,1,107,121,137,2;                                                 139P    252
144,107,1,0,139;                                                     141P    253
314,64.70588445663452,64.70588445663452,64.70588445663452,10HMix     143P    254
edColor;                                                             143P    255
110,-0.0464,-0.,-0.025,-0.0464,-0.,0.975;                            145P    256
110,-0.04115,-0.,0.,-0.04115,-0.,-0.025;                             147P    257
120,145,147,0.,6.28318530717959;                                     149P    258
126,1,1,1,0,1,0,-6.28318530717959,-6.28318530717959,                 151P    259
-0.87635852180701,-0.87635852180701,1.,1.,0.,6.28318530717959,       151P    260
0.,0.,0.87635852180701,0.,-6.28318530717959,-0.87635852180701,       151P    261
0.,0.,1.;                                                            151P    262
126,1,1,1,0,1,0,-0.025,-0.025,0.,0.,1.,1.,0.,0.87635852180701,       153P    263
0.,1.,0.87635852180701,0.,-0.025,0.,0.,0.,1.;                        153P    264
126,1,1,1,0,1,0,0.87635852180701,0.87635852180701,                   155P    265
6.28318530717959,6.28318530717959,1.,1.,1.,0.87635852180701,0.,      155P    266
1.,6.28318530717959,0.,0.87635852180701,6.28318530717959,0.,0.,      155P    267
1.;                                                                  155P    268
126,1,1,1,0,1,0,0.,0.,0.025,0.025,1.,1.,1.,6.28318530717959,0.,      157P    269
0.,6.28318530717959,0.,0.,0.025,0.,0.,1.;                            157P    270
102,4,151,153,155,157;                                               159P    271
124,1.,0.,0.,-0.0464,0.,-1.,0.,-0.,0.,0.,-1.,0.;                     161P    272
100,0.,0.,0.,0.00525,0.,0.00335975609756,-0.00403417140996;          163P    273
110,-0.04304024390244,0.00403417140996,0.,-0.04304024390244,         165P    274
0.00403417140996,-0.025;                                             165P    275
124,1.,0.,0.,-0.0464,0.,1.,0.,-0.,0.,0.,1.,-0.025;                   167P    276
100,0.,0.,0.,0.00335975609756,0.00403417140996,0.00525,-0.;          169P    277
110,-0.04115,0.,-0.025,-0.04115,0.,0.;                               171P    278
102,4,163,165,169,171;                                               173P    279
142,1,149,159,173,2;                                                 175P    280
144,149,1,0,175;                                                     177P    281
314,64.70588445663452,64.70588445663452,64.70588445663452,10HMix     179P    282
edColor;                                                             179P    283
110,-0.03,0.,-0.025,-0.03,0.,0.975;                                  181P    284
110,-0.01885,0.,-0.025,-0.01885,0.,0.025;                            183P    285
120,181,183,0.,6.28318530717959;                                     185P    286
126,1,1,1,0,1,0,0.,0.,0.05,0.05,1.,1.,0.,0.,0.,1.,0.,0.,0.,0.05,     187P    287
0.,0.,1.;                                                            187P    288
126,1,1,1,0,1,0,0.,0.,3.11596702332442,3.11596702332442,1.,1.,       189P    289
1.,0.,0.,1.,3.11596702332442,0.,0.,3.11596702332442,0.,0.,1.;        189P    290
126,1,1,1,0,1,0,0.,0.,0.025,0.025,1.,1.,1.,3.11596702332442,0.,      191P    291
0.5,3.11596702332442,0.,0.,0.025,0.,0.,1.;                           191P    292
126,1,1,1,0,1,0,3.11596702332442,3.11596702332442,                   193P    293
3.14159265358979,3.14159265358979,1.,1.,0.5,3.11596702332442,0.,     193P    294
0.5,3.14159265358979,0.,3.11596702332442,3.14159265358979,0.,0.,     193P    295
1.;                                                                  193P    296
126,1,1,1,0,1,0,-0.025,-0.025,0.,0.,1.,1.,0.5,3.14159265358979,      195P    297
0.,0.,3.14159265358979,0.,-0.025,0.,0.,0.,1.;                        195P    298
126,1,1,1,0,1,0,-3.14159265358979,-3.14159265358979,0.,0.,1.,1.,     197P    299
0.,3.14159265358979,0.,0.,0.,0.,-3.14159265358979,0.,0.,0.,1.;       197P    300
102,6,187,189,191,193,195,197;                                       199P    301
110,-0.01885,0.,-0.025,-0.01885,0.,0.025;                            201P    302
124,1.,0.,0.,-0.03,0.,1.,0.,0.,0.,0.,1.,0.025;                       203P    303
100,0.,0.,0.,0.01115,0.,-0.01114633924877,0.00028569450709;          205P    304
110,-0.04114633924877,0.00028569450709,0.025,-0.04114633924877,      207P    305
0.00028569450709,0.;                                                 207P    306
124,1.,0.,0.,-0.03,0.,1.,0.,0.,0.,0.,1.,0.;                          209P    307
100,0.,0.,0.,-0.01114633924877,0.00028569450709,-0.01115,0.;         211P    308
110,-0.04115,0.,0.,-0.04115,0.,-0.025;                               213P    309
124,1.,0.,0.,-0.03,0.,-1.,0.,0.,0.,0.,-1.,-0.025;                    215P    310
100,0.,0.,0.,-0.01115,-0.,0.01115,0.;                                217P    311
102,6,201,205,207,211,213,217;                                       219P    312
142,1,185,199,219,2;                                                 221P    313
144,185,1,0,221;                                                     223P    314
314,64.70588445663452,64.70588445663452,64.70588445663452,10HMix     225P    315
edColor;                                                             225P    316
110,-0.01885,0.,0.025,-0.01885,0.,-0.025;                            227P    317
122,227,0.,0.,0.025;                                                 229P    318
126,1,1,1,0,1,0,0.,0.,0.05,0.05,1.,1.,1.,1.,0.,0.,1.,0.,0.,0.05,     231P    319
0.,0.,1.;                                                            231P    320
126,1,1,1,0,1,0,-0.008175,-0.008175,0.010675,0.010675,1.,1.,0.,      233P    321
1.,0.,0.,0.,0.,-0.008175,0.010675,0.,0.,1.;                          233P    322
126,1,1,1,0,1,0,-0.05,-0.05,0.,0.,1.,1.,0.,0.,0.,1.,0.,0.,-0.05,     235P    323
0.,0.,0.,1.;                                                         235P    324
126,1,1,1,0,1,0,-0.010675,-0.010675,0.008175,0.008175,1.,1.,1.,      237P    325
0.,0.,1.,1.,0.,-0.010675,0.008175,0.,0.,1.;                          237P    326
102,4,231,233,235,237;                                               239P    327
110,0.,0.,-0.025,0.,0.,0.025;                                        241P    328
110,0.,0.,0.025,-0.01885,0.,0.025;                                   243P    329
110,-0.01885,0.,0.025,-0.01885,0.,-0.025;                            245P    330
110,-0.01885,0.,-0.025,0.,0.,-0.025;                                 247P    331
102,4,241,243,245,247;                                               249P    332
142,1,229,239,249,2;                                                 251P    333
126,32,2,1,1,1,1,-9.42477796076938,-9.42477796076938,                253P    334
-9.42477796076938,-9.03207887907065,-9.03207887907065,               253P    335
-8.63937979737193,-8.63937979737193,-8.24668071567321,               253P    336
-8.24668071567321,-7.85398163397448,-7.85398163397448,               253P    337
-7.46128255227576,-7.46128255227576,-7.06858347057703,               253P    338
-7.06858347057703,-6.67588438887831,-6.67588438887831,               253P    339
-6.28318530717959,-6.28318530717959,-5.89048622548086,               253P    340
-5.89048622548086,-5.49778714378214,-5.49778714378214,               253P    341
-5.10508806208341,-5.10508806208341,-4.71238898038469,               253P    342
-4.71238898038469,-4.31968989868597,-4.31968989868597,               253P    343
-3.92699081698724,-3.92699081698724,-3.53429173528852,               253P    344
-3.53429173528852,-3.14159265358979,-3.14159265358979,               253P    345
-3.14159265358979,1.,1.,1.,1.,1.,1.,1.,1.,1.,1.,1.,1.,1.,1.,1.,      253P    346
1.,1.,1.,1.,1.,1.,1.,1.,1.,1.,1.,1.,1.,1.,1.,1.,1.,1.,0.7,           253P    347
0.54114799636894,0.,0.7,0.5675289469498,0.,0.70380602337444,         253P    348
0.59190176723965,0.,0.70761204674887,0.61627458752949,0.,            253P    349
0.71464466094067,0.63492873657936,0.,0.72167727513247,               253P    350
0.65358288562923,0.,0.73086582838175,0.66367843834657,0.,            253P    351
0.74005438163102,0.67377399106391,0.,0.75,0.67377399106391,0.,       253P    352
0.75994561836898,0.67377399106391,0.,0.76913417161825,               253P    353
0.66367843834657,0.,0.77832272486753,0.65358288562923,0.,            253P    354
0.78535533905933,0.63492873657936,0.,0.79238795325113,               253P    355
0.61627458752949,0.,0.79619397662556,0.59190176723965,0.,0.8,        253P    356
0.5675289469498,0.,0.8,0.54114799636894,0.,0.8,0.51476704578809,     253P    357
0.,0.79619397662556,0.49039422549824,0.,0.79238795325113,            253P    358
0.4660214052084,0.,0.78535533905933,0.44736725615853,0.,             253P    359
0.77832272486753,0.42871310710866,0.,0.76913417161825,               253P    360
0.41861755439132,0.,0.75994561836898,0.40852200167398,0.,0.75,       253P    361
0.40852200167398,0.,0.74005438163102,0.40852200167398,0.,            253P    362
0.73086582838175,0.41861755439132,0.,0.72167727513247,               253P    363
0.42871310710866,0.,0.71464466094067,0.44736725615853,0.,            253P    364
0.70761204674887,0.4660214052084,0.,0.70380602337444,                253P    365
0.49039422549824,0.,0.7,0.51476704578809,0.,0.7,                     253P    366
0.54114799636894,0.,-9.42477796076938,-3.14159265358979,0.,0.,       253P    367
1.;                                                                  253P    368
102,1,253;                                                           255P    369
124,0.,-1.,0.,-0.00864936026845,0.,0.,1.,0.,-1.,0.,0.,-0.0125;       257P    370
100,0.,0.,0.,-0.0025,-0.,-0.0025,-0.;                                259P    371
102,1,259;                                                           261P    372
142,1,229,255,261,2;                                                 263P    373
126,32,2,1,1,1,1,-9.42477796076938,-9.42477796076938,                265P    374
-9.42477796076938,-9.03207887907065,-9.03207887907065,               265P    375
-8.63937979737193,-8.63937979737193,-8.24668071567321,               265P    376
-8.24668071567321,-7.85398163397448,-7.85398163397448,               265P    377
-7.46128255227576,-7.46128255227576,-7.06858347057703,               265P    378
-7.06858347057703,-6.67588438887831,-6.67588438887831,               265P    379
-6.28318530717959,-6.28318530717959,-5.89048622548086,               265P    380
-5.89048622548086,-5.49778714378214,-5.49778714378214,               265P    381
-5.10508806208341,-5.10508806208341,-4.71238898038469,               265P    382
-4.71238898038469,-4.31968989868597,-4.31968989868597,               265P    383
-3.92699081698724,-3.92699081698724,-3.53429173528852,               265P    384
-3.53429173528852,-3.14159265358979,-3.14159265358979,               265P    385
-3.14159265358979,1.,1.,1.,1.,1.,1.,1.,1.,1.,1.,1.,1.,1.,1.,1.,      265P    386
1.,1.,1.,1.,1.,1.,1.,1.,1.,1.,1.,1.,1.,1.,1.,1.,1.,1.,0.2,           265P    387
0.54114799636894,0.,0.2,0.5675289469498,0.,0.20380602337444,         265P    388
0.59190176723965,0.,0.20761204674887,0.61627458752949,0.,            265P    389
0.21464466094067,0.63492873657936,0.,0.22167727513247,               265P    390
0.65358288562923,0.,0.23086582838175,0.66367843834657,0.,            265P    391
0.24005438163102,0.67377399106391,0.,0.25,0.67377399106391,0.,       265P    392
0.25994561836898,0.67377399106391,0.,0.26913417161825,               265P    393
0.66367843834657,0.,0.27832272486753,0.65358288562923,0.,            265P    394
0.28535533905933,0.63492873657936,0.,0.29238795325113,               265P    395
0.61627458752949,0.,0.29619397662556,0.59190176723965,0.,0.3,        265P    396
0.5675289469498,0.,0.3,0.54114799636894,0.,0.3,0.51476704578809,     265P    397
0.,0.29619397662556,0.49039422549824,0.,0.29238795325113,            265P    398
0.4660214052084,0.,0.28535533905933,0.44736725615853,0.,             265P    399
0.27832272486753,0.42871310710866,0.,0.26913417161825,               265P    400
0.41861755439132,0.,0.25994561836898,0.40852200167398,0.,0.25,       265P    401
0.40852200167398,0.,0.24005438163102,0.40852200167398,0.,            265P    402
0.23086582838175,0.41861755439132,0.,0.22167727513247,               265P    403
0.42871310710866,0.,0.21464466094067,0.44736725615853,0.,            265P    404
0.20761204674887,0.4660214052084,0.,0.20380602337444,                265P    405
0.49039422549824,0.,0.2,0.51476704578809,0.,0.2,                     265P    406
0.54114799636894,0.,-9.42477796076938,-3.14159265358979,0.,0.,       265P    407
1.;                                                                  265P    408
102,1,265;                                                           267P    409
124,0.,-1.,0.,-0.00864936026845,0.,0.,1.,0.,-1.,0.,0.,0.0125;        269P    410
100,0.,0.,0.,-0.0025,-0.,-0.0025,-0.;                                271P    411
102,1,271;                                                           273P    412
142,1,229,267,273,2;                                                 275P    413
144,229,1,2,251,263,275;                                             277P    414
314,64.70588445663452,64.70588445663452,64.70588445663452,10HMix     279P    415
edColor;                                                             279P    416
110,0.,0.,0.025,0.,0.,-0.025;                                        281P    417
122,281,0.,0.005,0.025;                                              283P    418
126,1,1,1,0,1,0,0.,0.,0.05,0.05,1.,1.,1.,1.,0.,0.,1.,0.,0.,0.05,     285P    419
0.,0.,1.;                                                            285P    420
126,1,1,1,0,1,0,-0.0025,-0.0025,0.0025,0.0025,1.,1.,0.,1.,0.,0.,     287P    421
0.,0.,-0.0025,0.0025,0.,0.,1.;                                       287P    422
126,1,1,1,0,1,0,-0.05,-0.05,0.,0.,1.,1.,0.,0.,0.,1.,0.,0.,-0.05,     289P    423
0.,0.,0.,1.;                                                         289P    424
126,1,1,1,0,1,0,-0.0025,-0.0025,0.0025,0.0025,1.,1.,1.,0.,0.,1.,     291P    425
1.,0.,-0.0025,0.0025,0.,0.,1.;                                       291P    426
102,4,285,287,289,291;                                               293P    427
110,0.,0.005,-0.025,0.,0.005,0.025;                                  295P    428
110,0.,0.005,0.025,0.,0.,0.025;                                      297P    429
110,0.,0.,0.025,0.,0.,-0.025;                                        299P    430
110,0.,0.,-0.025,0.,0.005,-0.025;                                    301P    431
102,4,295,297,299,301;                                               303P    432
142,1,283,293,303,2;                                                 305P    433
144,283,1,0,305;                                                     307P    434
314,64.70588445663452,64.70588445663452,64.70588445663452,10HMix     309P    435
edColor;                                                             309P    436
110,-0.0464,0.,-0.025,-0.0464,0.,0.975;                              311P    437
110,-0.04365,0.,-0.025,-0.04365,0.,0.;                               313P    438
120,311,313,0.,6.28318530717959;                                     315P    439
126,1,1,1,0,1,0,-6.28318530717959,-6.28318530717959,0.,0.,1.,1.,     317P    440
0.,6.28318530717959,0.,0.,0.,0.,-6.28318530717959,0.,0.,0.,1.;       317P    441
126,1,1,1,0,1,0,0.,0.,1.,1.,1.,1.,0.,0.,0.,0.,6.28318530717959,      319P    442
0.,0.,1.,0.,0.,1.;                                                   319P    443
126,1,1,1,0,1,0,0.,0.,0.025,0.025,1.,1.,0.,6.28318530717959,0.,      321P    444
1.,6.28318530717959,0.,0.,0.025,0.,0.,1.;                            321P    445
126,1,1,1,0,1,0,0.,0.,1.,1.,1.,1.,1.,6.28318530717959,0.,1.,0.,      323P    446
0.,0.,1.,0.,0.,1.;                                                   323P    447
126,1,1,1,0,1,0,0.,0.,6.28318530717959,6.28318530717959,1.,1.,       325P    448
1.,0.,0.,1.,6.28318530717959,0.,0.,6.28318530717959,0.,0.,1.;        325P    449
126,1,1,1,0,1,0,0.,0.,1.,1.,1.,1.,1.,6.28318530717959,0.,1.,0.,      327P    450
0.,0.,1.,0.,0.,1.;                                                   327P    451
126,1,1,1,0,1,0,-0.025,-0.025,0.,0.,1.,1.,1.,0.,0.,0.,0.,0.,         329P    452
-0.025,0.,0.,0.,1.;                                                  329P    453
126,1,1,1,0,1,0,0.,0.,1.,1.,1.,1.,0.,0.,0.,0.,6.28318530717959,      331P    454
0.,0.,1.,0.,0.,1.;                                                   331P    455
102,8,317,319,321,323,325,327,329,331;                               333P    456
124,1.,0.,0.,-0.0464,0.,-1.,0.,0.,0.,0.,-1.,-0.025;                  335P    457
100,0.,0.,0.,0.00275,0.,0.00275,0.;                                  337P    458
110,-0.04365,0.,-0.025,-0.04365,0.,0.;                               339P    459
124,1.,0.,0.,-0.0464,0.,1.,0.,0.,0.,0.,1.,0.;                        341P    460
100,0.,0.,0.,0.00275,0.,0.00275,-0.;                                 343P    461
110,-0.04365,0.,0.,-0.04365,0.,-0.025;                               345P    462
102,4,337,339,343,345;                                               347P    463
142,1,315,333,347,2;                                                 349P    464
144,315,1,0,349;                                                     351P    465
314,64.70588445663452,64.70588445663452,64.70588445663452,10HMix     353P    466
edColor;                                                             353P    467
110,0.,-0.0053634,-0.025,-0.0519599,-0.0053634,-0.025;               355P    468
122,355,0.,0.0137634,-0.025;                                         357P    469
126,1,1,1,0,1,0,-0.00864936026845,-0.00864936026845,                 359P    470
0.00864936026845,0.00864936026845,1.,1.,0.33292443859382,            359P    471
0.54182612878265,0.,-0.,0.54182612878265,0.,-0.00864936026845,       359P    472
0.00864936026845,0.,0.,1.;                                           359P    473
126,1,1,1,0,1,0,-0.0025,-0.0025,0.0025,0.0025,1.,1.,-0.,             361P    474
0.54182612878265,0.,-0.,0.28041282389109,0.,-0.0025,0.0025,0.,       361P    475
0.,1.;                                                               361P    476
126,1,1,1,0,1,0,-0.008175,-0.008175,0.010675,0.010675,1.,1.,-0.,     363P    477
0.28041282389109,0.,0.36277975900646,0.28041282389109,0.,            363P    478
-0.008175,0.010675,0.,0.,1.;                                         363P    479
126,32,2,1,0,1,0,0.,0.,0.,0.19634954084936,0.19634954084936,         365P    480
0.39269908169872,0.39269908169872,0.58904862254809,                  365P    481
0.58904862254809,0.78539816339745,0.78539816339745,                  365P    482
0.98174770424681,0.98174770424681,1.17809724509617,                  365P    483
1.17809724509617,1.37444678594553,1.37444678594553,                  365P    484
1.5707963267949,1.5707963267949,1.76714586764426,                    365P    485
1.76714586764426,1.96349540849362,1.96349540849362,                  365P    486
2.15984494934298,2.15984494934298,2.35619449019234,                  365P    487
2.35619449019234,2.55254403104171,2.55254403104171,                  365P    488
2.74889357189107,2.74889357189107,2.94524311274043,                  365P    489
2.94524311274043,3.14159265358979,3.14159265358979,                  365P    490
3.14159265358979,1.,1.,1.,1.,1.,1.,1.,1.,1.,1.,1.,1.,1.,1.,1.,       365P    491
1.,1.,1.,1.,1.,1.,1.,1.,1.,1.,1.,1.,1.,1.,1.,1.,1.,1.,               365P    492
0.36277975900646,0.28041282389109,0.,0.36277975900646,               365P    493
0.33782855194975,0.,0.36690301797163,0.39414105289331,0.,            365P    494
0.37102627693679,0.45045355383688,0.,0.37911434033744,               365P    495
0.50349876983451,0.,0.38720240373808,0.55654398583214,0.,            365P    496
0.39894445183356,0.60428341898115,0.,0.41068649992904,               365P    497
0.65202285213015,0.,0.42563129239606,0.69262190278719,0.,            365P    498
0.44057608486308,0.73322095344423,0.,0.45814930170827,               365P    499
0.76511942286077,0.,0.47572251855346,0.79701789227731,0.,            365P    500
0.49524883090863,0.81898994016254,0.,0.5147751432638,                365P    501
0.84096198804777,0.,0.53550416589563,0.85216324092352,0.,            365P    502
0.55623318852745,0.86336449379928,0.,0.57736831672116,               365P    503
0.86336449379928,0.,0.59850344491487,0.86336449379928,0.,            365P    504
0.6192324675467,0.85216324092352,0.,0.63996149017853,                365P    505
0.84096198804777,0.,0.6594878025337,0.81898994016254,0.,             365P    506
0.67901411488887,0.79701789227731,0.,0.69658733173406,               365P    507
0.76511942286077,0.,0.71416054857925,0.73322095344423,0.,            365P    508
0.72910534104627,0.69262190278719,0.,0.74405013351329,               365P    509
0.65202285213015,0.,0.75579218160877,0.60428341898115,0.,            365P    510
0.76753422970425,0.55654398583214,0.,0.77562229310489,               365P    511
0.50349876983451,0.,0.78371035650554,0.45045355383688,0.,            365P    512
0.7878336154707,0.39414105289331,0.,0.79195687443586,                365P    513
0.33782855194975,0.,0.79195687443586,0.28041282389109,0.,0.,         365P    514
3.14159265358979,0.,0.,1.;                                           365P    515
126,32,2,1,0,1,0,-6.28318530717959,-6.28318530717959,                367P    516
-6.28318530717959,-5.9452586330938,-5.9452586330938,                 367P    517
-5.60733195900801,-5.60733195900801,-5.26940528492223,               367P    518
-5.26940528492223,-4.93147861083644,-4.93147861083644,               367P    519
-4.59355193675066,-4.59355193675066,-4.25562526266487,               367P    520
-4.25562526266487,-3.91769858857909,-3.91769858857909,               367P    521
-3.5797719144933,-3.5797719144933,-3.24184524040751,                 367P    522
-3.24184524040751,-2.90391856632173,-2.90391856632173,               367P    523
-2.56599189223594,-2.56599189223594,-2.22806521815016,               367P    524
-2.22806521815016,-1.89013854406437,-1.89013854406437,               367P    525
-1.55221186997859,-1.55221186997859,-1.2142851958928,                367P    526
-1.2142851958928,-0.87635852180702,-0.87635852180702,                367P    527
-0.87635852180702,1.,1.,1.,1.,1.,1.,1.,1.,1.,1.,1.,1.,1.,1.,1.,      367P    528
1.,1.,1.,1.,1.,1.,1.,1.,1.,1.,1.,1.,1.,1.,1.,1.,1.,1.,               367P    529
0.79195687443586,0.28041282389108,0.,0.79195687443586,               367P    530
0.23358865768291,0.,0.79767125519183,0.18941267592076,0.,            367P    531
0.8033856359478,0.14523669415861,0.,0.81416803317984,                367P    532
0.1087057246459,0.,0.82495043041187,0.07217475513319,0.,             367P    533
0.83958122703106,0.0474208840594,0.,0.85421202365025,                367P    534
0.02266701298562,0.,0.87103630292545,0.01249019694006,0.,            367P    535
0.88786058220066,0.0023133808945,0.,0.9049753184808,                 367P    536
0.00786473854705,0.,0.92209005476095,0.01341609619959,0.,            367P    537
0.93755936826065,0.03406770311805,0.,0.95302868176035,               367P    538
0.0547193100365,0.,0.96510280953804,0.08813522439185,0.,             367P    539
0.97717693731573,0.12155113874721,0.,0.98449015222795,               367P    540
0.16395162405673,0.,0.99180336714016,0.20635210936626,0.,            367P    541
0.99352845778949,0.25294116754634,0.,0.99525354843882,               367P    542
0.29953022572641,0.,0.99119538660001,0.34503808139317,0.,            367P    543
0.98713722476119,0.39054593705992,0.,0.97775483669915,               367P    544
0.42982511166508,0.,0.96837244863711,0.46910428627024,0.,            367P    545
0.95472709378876,0.49771183901355,0.,0.94108173894042,               367P    546
0.52631939175687,0.,0.92471686887773,0.54101946891798,0.,            367P    547
0.90835199881505,0.5557195460791,0.,0.89111867455505,                367P    548
0.55484939447539,0.,0.87388535029504,0.55397924287167,0.,            367P    549
0.85773286533098,0.53763728697618,0.,0.84158038036692,               367P    550
0.52129533108069,0.,0.82833577244065,0.49133004004619,0.,            367P    551
-6.28318530717959,-0.87635852180701,0.,0.,1.;                        367P    552
126,32,2,1,0,1,0,-2.84156806909494,-2.84156806909494,                369P    553
-2.84156806909494,-2.68740943454748,-2.68740943454748,               369P    554
-2.53325080000002,-2.53325080000002,-2.37909216545255,               369P    555
-2.37909216545255,-2.22493353090509,-2.22493353090509,               369P    556
-2.07077489635763,-2.07077489635763,-1.91661626181016,               369P    557
-1.91661626181016,-1.7624576272627,-1.7624576272627,                 369P    558
-1.60829899271524,-1.60829899271524,-1.45414035816777,               369P    559
-1.45414035816777,-1.29998172362031,-1.29998172362031,               369P    560
-1.14582308907285,-1.14582308907285,-0.99166445452538,               369P    561
-0.99166445452538,-0.83750581997792,-0.83750581997792,               369P    562
-0.68334718543045,-0.68334718543045,-0.52918855088299,               369P    563
-0.52918855088299,-0.37502991633553,-0.37502991633553,               369P    564
-0.37502991633553,1.,1.,1.,1.,1.,1.,1.,1.,1.,1.,1.,1.,1.,1.,1.,      369P    565
1.,1.,1.,1.,1.,1.,1.,1.,1.,1.,1.,1.,1.,1.,1.,1.,1.,1.,               369P    566
0.82833577244065,0.49133004004619,0.,0.82233944729486,               369P    567
0.54398539335837,0.,0.81343802693796,0.59351505831885,0.,            369P    568
0.80453660658107,0.64304472327933,0.,0.79294121363466,               369P    569
0.6882739623413,0.,0.78134582068825,0.73350320140327,0.,             369P    570
0.76733147303253,0.77335927390956,0.,0.75331712537681,               369P    571
0.81321534641584,0.,0.73721621331561,0.84675295170916,0.,            369P    572
0.7211153012544,0.88029055700248,0.,0.70330970392927,                369P    573
0.90671425493199,0.,0.68550410660413,0.9331379528615,0.,             369P    574
0.66641613463917,0.95182102991908,0.,0.6473281626742,                369P    575
0.97050410697666,0.,0.62741054187277,0.98100344059875,0.,            369P    576
0.60749292107134,0.99150277422084,0.,0.58721805472988,               369P    577
0.99356934270636,0.,0.56694318838842,0.99563591119188,0.,            369P    578
0.54679195290225,0.98922069996351,0.,0.52664071741608,               369P    579
0.98280548873514,0.,0.50709105692149,0.96806065286009,0.,            369P    580
0.4875413964269,0.95331581698504,0.,0.46905698699012,                369P    581
0.93059107238279,0.,0.45057257755333,0.90786632778054,0.,            369P    582
0.43359182976754,0.87770065671047,0.,0.41661108198175,               369P    583
0.84753498564039,0.,0.40153674280704,0.81064385319717,0.,            369P    584
0.38646240363233,0.77375272075395,0.,0.37365200410058,               369P    585
0.73101110556827,0.,0.36084160456883,0.68826949038259,0.,            369P    586
0.35059897991355,0.64069113200244,0.,0.34035635525828,               369P    587
0.5931127736223,0.,0.33292443859382,0.54182612878265,0.,             369P    588
-2.84156806909494,-0.37502991633553,0.,0.,1.;                        369P    589
102,6,359,361,363,365,367,369;                                       371P    590
110,-0.01729872053689,0.005,-0.025,0.,0.005,-0.025;                  373P    591
110,0.,0.005,-0.025,0.,0.,-0.025;                                    375P    592
110,0.,0.,-0.025,-0.01885,0.,-0.025;                                 377P    593
124,1.,0.,0.,-0.03,0.,1.,0.,0.,0.,0.,1.,-0.025;                      379P    594
100,0.,0.,0.,0.01115,0.,-0.01115,0.;                                 381P    595
124,1.,0.,0.,-0.0464,0.,-1.,0.,-0.,0.,0.,-1.,-0.025;                 383P    596
100,0.,0.,0.,0.00525,0.,0.00335975609756,-0.00403417140996;          385P    597
124,1.,0.,0.,-0.03,0.,-1.,0.,-0.,0.,0.,-1.,-0.025;                   387P    598
100,0.,0.,0.,-0.01304024390244,-0.00403417140996,                    389P    599
0.01270127946311,-0.005;                                             389P    600
102,6,373,375,377,381,385,389;                                       391P    601
142,1,357,371,391,2;                                                 393P    602
126,32,2,1,1,1,1,0.,0.,0.,0.39269908169872,0.39269908169872,         395P    603
0.78539816339745,0.78539816339745,1.17809724509617,                  395P    604
1.17809724509617,1.5707963267949,1.5707963267949,                    395P    605
1.96349540849362,1.96349540849362,2.35619449019234,                  395P    606
2.35619449019234,2.74889357189107,2.74889357189107,                  395P    607
3.14159265358979,3.14159265358979,3.53429173528852,                  395P    608
3.53429173528852,3.92699081698724,3.92699081698724,                  395P    609
4.31968989868597,4.31968989868597,4.71238898038469,                  395P    610
4.71238898038469,5.10508806208341,5.10508806208341,                  395P    611
5.49778714378214,5.49778714378214,5.89048622548086,                  395P    612
5.89048622548086,6.28318530717959,6.28318530717959,                  395P    613
6.28318530717959,1.,1.,1.,1.,1.,1.,1.,1.,1.,1.,1.,1.,1.,1.,1.,       395P    614
1.,1.,1.,1.,1.,1.,1.,1.,1.,1.,1.,1.,1.,1.,1.,1.,1.,1.,               395P    615
0.84007090082929,0.28041282389109,0.,0.84007090082929,               395P    616
0.30901191052837,0.,0.84409960922931,0.33543402132108,0.,            395P    617
0.84812831762932,0.36185613211378,0.,0.85557240009579,               395P    618
0.38207874021075,0.,0.86301648256225,0.40230134830772,0.,            395P    619
0.87274264502041,0.41324574494458,0.,0.88246880747857,               395P    620
0.42419014158145,0.,0.89299632986207,0.42419014158145,0.,            395P    621
0.90352385224556,0.42419014158145,0.,0.91325001470372,               395P    622
0.41324574494458,0.,0.92297617716189,0.40230134830772,0.,            395P    623
0.93042025962835,0.38207874021075,0.,0.93786434209481,               395P    624
0.36185613211378,0.,0.94189305049482,0.33543402132108,0.,            395P    625
0.94592175889484,0.30901191052837,0.,0.94592175889484,               395P    626
0.28041282389109,0.,0.94592175889484,0.2518137372538,0.,             395P    627
0.94189305049482,0.22539162646109,0.,0.93786434209481,               395P    628
0.19896951566839,0.,0.93042025962835,0.17874690757142,0.,            395P    629
0.92297617716189,0.15852429947445,0.,0.91325001470372,               395P    630
0.14757990283759,0.,0.90352385224556,0.13663550620072,0.,            395P    631
0.89299632986207,0.13663550620072,0.,0.88246880747857,               395P    632
0.13663550620072,0.,0.87274264502041,0.14757990283759,0.,            395P    633
0.86301648256225,0.15852429947445,0.,0.85557240009579,               395P    634
0.17874690757142,0.,0.84812831762932,0.19896951566839,0.,            395P    635
0.84409960922931,0.22539162646109,0.,0.84007090082929,               395P    636
0.2518137372538,0.,0.84007090082929,0.28041282389109,0.,0.,          395P    637
6.28318530717959,0.,0.,1.;                                           395P    638
102,1,395;                                                           397P    639
124,1.,0.,0.,-0.0464,0.,1.,0.,0.,0.,0.,1.,-0.025;                    399P    640
100,0.,0.,0.,0.00275,0.,0.00275,-0.;                                 401P    641
102,1,401;                                                           403P    642
142,1,357,397,403,2;                                                 405P    643
144,357,1,1,393,405;                                                 407P    644
314,64.70588445663452,64.70588445663452,64.70588445663452,10HMix     409P    645
edColor;                                                             409P    646
110,-0.0463882919267,-0.00000487755345,0.025,-0.0463882919267,       411P    647
-0.00000487755345,-0.975;                                            411P    648
110,-0.0516382919267,-0.00000487755345,0.025,-0.0516382919267,       413P    649
-0.00000487755345,0.;                                                413P    650
120,411,413,0.,6.28318530717959;                                     415P    651
126,1,1,1,0,1,0,-0.87866836530836,-0.87866836530836,                 417P    652
-0.05537535558755,-0.05537535558755,1.,1.,1.,2.26292428828144,       417P    653
0.,1.,3.08621729800225,0.,-0.87866836530836,-0.05537535558755,       417P    654
0.,0.,1.;                                                            417P    655
126,1,1,1,0,1,0,-0.025,-0.025,0.,0.,1.,1.,1.,3.08621729800225,       419P    656
0.,0.,3.08621729800225,0.,-0.025,0.,0.,0.,1.;                        419P    657
126,1,1,1,0,1,0,0.05537535558755,0.05537535558755,                   421P    658
0.87896206873561,0.87896206873561,1.,1.,0.,3.08621729800225,0.,      421P    659
0.,2.26263058485418,0.,0.05537535558755,0.87896206873561,0.,0.,      421P    660
1.;                                                                  421P    661
126,1,1,1,0,1,0,0.,0.,0.025,0.025,1.,1.,0.,2.26263058485418,0.,      423P    662
1.,2.26263058485418,0.,0.,0.025,0.,0.,1.;                            423P    663
126,1,1,1,0,1,0,0.,0.,1.,1.,1.,1.,1.,2.26263058485418,0.,1.,         425P    664
2.26292428828144,0.,0.,1.,0.,0.,1.;                                  425P    665
102,5,417,419,421,423,425;                                           427P    666
124,1.,0.,0.,-0.0463882919267,0.,-1.,0.,-0.00000487755345,0.,0.,     429P    667
-1.,0.;                                                              429P    668
100,0.,0.,0.,0.00335042883845,-0.00404192115193,                     431P    669
0.00524195267793,-0.00029057206054;                                  431P    670
110,-0.04114633924877,0.00028569450709,0.,-0.04114633924877,         433P    671
0.00028569450709,0.025;                                              433P    672
124,1.,0.,0.,-0.0463882919267,0.,1.,0.,-0.00000487755345,0.,0.,      435P    673
1.,0.025;                                                            435P    674
100,0.,0.,0.,0.00524195267793,0.00029057206054,0.00334924156787,     437P    675
0.00404290501002;                                                    437P    676
110,-0.04303905035883,0.00403802745657,0.025,-0.04303905035883,      439P    677
0.00403802745657,0.;                                                 439P    678
102,4,431,433,437,439;                                               441P    679
142,1,415,427,441,2;                                                 443P    680
144,415,1,0,443;                                                     445P    681
314,64.70588445663452,64.70588445663452,64.70588445663452,10HMix     447P    682
edColor;                                                             447P    683
110,-0.04329728466098,0.,0.025,0.,0.,0.025;                          449P    684
122,449,-0.04329728466098,0.0137319,0.025;                           451P    685
126,8,2,1,0,1,0,-0.87896206873561,-0.87896206873561,                 453P    686
-0.87896206873561,-0.67306539044859,-0.67306539044859,               453P    687
-0.46716871216158,-0.46716871216158,-0.26127203387456,               453P    688
-0.26127203387456,-0.05537535558755,-0.05537535558755,               453P    689
-0.05537535558755,1.,1.,1.,1.,1.,1.,1.,1.,1.,0.00596421471173,       453P    690
0.29406181639595,0.,0.01561117068485,0.26886339928947,0.,            453P    691
0.02342048597799,0.23797856221857,0.,0.03122980127112,               453P    692
0.20709372514767,0.,0.03687158005449,0.17182716366764,0.,            453P    693
0.04251335883787,0.1365606021876,0.,0.04574927044827,                453P    694
0.09840211292281,0.,0.04898518205867,0.06024362365803,0.,            453P    695
0.04967852901293,0.0208051695023,0.,-0.87896206873561,               453P    696
-0.05537535558755,0.,0.,1.;                                          453P    697
126,32,2,1,0,1,0,-3.11596702332442,-3.11596702332442,                455P    698
-3.11596702332442,-2.92121908436664,-2.92121908436664,               455P    699
-2.72647114540886,-2.72647114540886,-2.53172320645109,               455P    700
-2.53172320645109,-2.33697526749331,-2.33697526749331,               455P    701
-2.14222732853554,-2.14222732853554,-1.94747938957776,               455P    702
-1.94747938957776,-1.75273145061998,-1.75273145061998,               455P    703
-1.55798351166221,-1.55798351166221,-1.36323557270443,               455P    704
-1.36323557270443,-1.16848763374666,-1.16848763374666,               455P    705
-0.97373969478888,-0.97373969478888,-0.7789917558311,                455P    706
-0.7789917558311,-0.58424381687333,-0.58424381687333,                455P    707
-0.38949587791555,-0.38949587791555,-0.19474793895778,               455P    708
-0.19474793895778,0.,0.,0.,1.,1.,1.,1.,1.,1.,1.,1.,1.,1.,1.,1.,      455P    709
1.,1.,1.,1.,1.,1.,1.,1.,1.,1.,1.,1.,1.,1.,1.,1.,1.,1.,1.,1.,1.,      455P    710
0.04967852901293,0.0208051695023,0.,0.05032308369007,                455P    711
0.10009548749137,0.,0.05582192671589,0.17749364836852,0.,            455P    712
0.0613207697417,0.25489180924567,0.,0.07146600613113,                455P    713
0.3274716175505,0.,0.08161124252056,0.40005142585532,0.,             455P    714
0.096019310903,0.46506885378182,0.,0.11042737928545,                 455P    715
0.53008628170833,0.,0.12855355322534,0.58508321267738,0.,            455P    716
0.14667972716523,0.64008014364644,0.,0.16783870965684,               455P    717
0.68297730642065,0.,0.18899769214846,0.72587446919487,0.,            455P    718
0.21238952466808,0.75505004897203,0.,0.2357813571877,                455P    719
0.78422562874919,0.,0.2605216637585,0.79857658318138,0.,             455P    720
0.28526197032931,0.81292753761357,0.,0.31041539316041,               455P    721
0.81191129957469,0.,0.33556881599151,0.81089506153581,0.,            455P    722
0.36018437858854,0.79455005197931,0.,0.38479994118556,               455P    723
0.77820504242281,0.,0.40794700195817,0.74714921779911,0.,            455P    724
0.43109406273079,0.71609339317541,0.,0.45189749979771,               455P    725
0.67150088232689,0.,0.47270093686464,0.62690837147837,0.,            455P    726
0.49037423382268,0.57046508530181,0.,0.50804753078073,               455P    727
0.51402179912526,0.,0.52192251256291,0.44786169126903,0.,            455P    728
0.53579749434509,0.38170158341281,0.,0.54534958894291,               455P    729
0.30832597180328,0.,0.55490168354073,0.23495036019375,0.,            455P    730
0.55976975451978,0.15713335960526,0.,0.56463782549883,               455P    731
0.07931635901678,0.,0.56463782549883,-0.,0.,-3.11596702332442,       455P    732
0.,0.,0.,1.;                                                         455P    733
126,1,1,1,0,1,0,-0.010675,-0.010675,0.008175,0.008175,1.,1.,         457P    734
0.56463782549883,-0.,0.,1.,-0.,0.,-0.010675,0.008175,0.,0.,1.;       457P    735
126,1,1,1,0,1,0,-0.0025,-0.0025,0.0025,0.0025,1.,1.,1.,-0.,0.,       459P    736
1.,0.36411567226677,0.,-0.0025,0.0025,0.,0.,1.;                      459P    737
126,1,1,1,0,1,0,-0.00864936026845,-0.00864936026845,                 461P    738
0.00864936026845,0.00864936026845,1.,1.,1.,0.36411567226677,0.,      461P    739
0.60046638784993,0.36411567226677,0.,-0.00864936026845,              461P    740
0.00864936026845,0.,0.,1.;                                           461P    741
126,32,2,1,0,1,0,0.37502991633553,0.37502991633553,                  463P    742
0.37502991633553,0.52917006856448,0.52917006856448,                  463P    743
0.68331022079344,0.68331022079344,0.83745037302239,                  463P    744
0.83745037302239,0.99159052525135,0.99159052525135,                  463P    745
1.14573067748031,1.14573067748031,1.29987082970926,                  463P    746
1.29987082970926,1.45401098193822,1.45401098193822,                  463P    747
1.60815113416717,1.60815113416717,1.76229128639613,                  463P    748
1.76229128639613,1.91643143862509,1.91643143862509,                  463P    749
2.07057159085404,2.07057159085404,2.224711743083,2.224711743083,     463P    750
2.37885189531195,2.37885189531195,2.53299204754091,                  463P    751
2.53299204754091,2.68713219976986,2.68713219976986,                  463P    752
2.84127235199882,2.84127235199882,2.84127235199882,1.,1.,1.,1.,      463P    753
1.,1.,1.,1.,1.,1.,1.,1.,1.,1.,1.,1.,1.,1.,1.,1.,1.,1.,1.,1.,1.,      463P    754
1.,1.,1.,1.,1.,1.,1.,1.,0.60046638784993,0.36411567226677,0.,        463P    755
0.59154861925672,0.43554288364593,0.,0.57925859046498,               463P    756
0.50180625892074,0.,0.56696856167325,0.56806963419555,0.,            463P    757
0.55159769608482,0.62759792413894,0.,0.53622683049639,               463P    758
0.68712621408234,0.,0.51813960487653,0.73850787303771,0.,            463P    759
0.50005237925667,0.78988953199308,0.,0.47967768119459,               463P    760
0.83190618870203,0.,0.45930298313252,0.87392284541098,0.,            463P    761
0.43712394118074,0.9055781932546,0.,0.41494489922896,                463P    762
0.93723354109822,0.,0.39148742687105,0.95777696270115,0.,            463P    763
0.36802995451314,0.97832038430408,0.,0.34385027960738,               463P    764
0.98726475031045,0.,0.31967060470161,0.99620911631682,0.,            463P    765
0.29534208010466,0.99334233629032,0.,0.2710135555077,                463P    766
0.99047555626382,0.,0.24711306362723,0.97586560781473,0.,            463P    767
0.22321257174675,0.96125565936564,0.,0.20030684540065,               463P    768
0.93524897625338,0.,0.17740111905456,0.90924229314112,0.,            463P    769
0.15603330299917,0.87245555057381,0.,0.13466548694378,               463P    770
0.8356688080065,0.,0.1153422587264,0.78897429992609,0.,              463P    771
0.09601903050903,0.74227979184568,0.,0.07919858603767,               463P    772
0.68678474693506,0.,0.06237814156631,0.63128970202443,0.,            463P    773
0.04845933028479,0.56831002889917,0.,0.03454051900327,               463P    774
0.50533035577391,0.,0.02385338630057,0.43635943991745,0.,            463P    775
0.01316625359787,0.36738852406099,0.,0.00596421471173,               463P    776
0.29406181639595,0.,0.37502991633553,2.84127235199882,0.,0.,1.;      463P    777
102,6,453,455,457,459,461,463;                                       465P    778
124,1.,0.,0.,-0.0463882919267,0.,-1.,0.,-0.00000487755345,0.,0.,     467P    779
-1.,0.025;                                                           467P    780
100,0.,0.,0.,0.00334924156787,-0.00404290501002,                     469P    781
0.00524195267793,-0.00029057206054;                                  469P    782
124,1.,0.,0.,-0.03,0.,-1.,0.,0.,0.,0.,-1.,0.025;                     471P    783
100,0.,0.,0.,-0.01114633924877,-0.00028569450709,0.01115,0.;         473P    784
110,-0.01885,0.,0.025,0.,0.,0.025;                                   475P    785
110,0.,0.,0.025,0.,0.005,0.025;                                      477P    786
110,0.,0.005,0.025,-0.01729872053689,0.005,0.025;                    479P    787
124,1.,0.,0.,-0.03,0.,1.,0.,-0.,0.,0.,1.,0.025;                      481P    788
100,0.,0.,0.,0.01270127946311,0.005,-0.01303905035883,               483P    789
0.00403802745657;                                                    483P    790
102,6,469,473,475,477,479,483;                                       485P    791
142,1,451,465,485,2;                                                 487P    792
144,451,1,0,487;                                                     489P    793
314,64.70588445663452,64.70588445663452,64.70588445663452,10HMix     491P    794
edColor;                                                             491P    795
110,-0.00864936026845,-0.02,0.0125,-0.00864936026845,0.98,           493P    796
0.0125;                                                              493P    797
110,-0.00864936026845,0.,0.015,-0.00864936026845,0.005,0.015;        495P    798
120,493,495,0.,6.28318530717959;                                     497P    799
126,1,1,1,0,1,0,3.14159265358979,3.14159265358979,                   499P    800
9.42477796076938,9.42477796076938,1.,1.,0.,6.28318530717959,0.,      499P    801
0.,0.,0.,3.14159265358979,9.42477796076938,0.,0.,1.;                 499P    802
126,1,1,1,0,1,0,0.,0.,1.,1.,1.,1.,0.,0.,0.,0.,6.28318530717959,      501P    803
0.,0.,1.,0.,0.,1.;                                                   501P    804
126,1,1,1,0,1,0,0.02,0.02,0.025,0.025,1.,1.,0.,6.28318530717959,     503P    805
0.,1.,6.28318530717959,0.,0.02,0.025,0.,0.,1.;                       503P    806
126,1,1,1,0,1,0,0.,0.,1.,1.,1.,1.,1.,6.28318530717959,0.,1.,0.,      505P    807
0.,0.,1.,0.,0.,1.;                                                   505P    808
126,1,1,1,0,1,0,0.,0.,6.28318530717959,6.28318530717959,1.,1.,       507P    809
1.,0.,0.,1.,6.28318530717959,0.,0.,6.28318530717959,0.,0.,1.;        507P    810
126,1,1,1,0,1,0,0.,0.,1.,1.,1.,1.,1.,6.28318530717959,0.,1.,0.,      509P    811
0.,0.,1.,0.,0.,1.;                                                   509P    812
126,1,1,1,0,1,0,-0.025,-0.025,-0.02,-0.02,1.,1.,1.,0.,0.,0.,0.,      511P    813
0.,-0.025,-0.02,0.,0.,1.;                                            511P    814
126,1,1,1,0,1,0,0.,0.,1.,1.,1.,1.,0.,0.,0.,0.,6.28318530717959,      513P    815
0.,0.,1.,0.,0.,1.;                                                   513P    816
102,8,499,501,503,505,507,509,511,513;                               515P    817
124,0.,1.,0.,-0.00864936026845,0.,0.,-1.,0.,-1.,0.,0.,0.0125;        517P    818
100,0.,0.,0.,-0.0025,0.,-0.0025,0.;                                  519P    819
110,-0.00864936026845,0.,0.015,-0.00864936026845,0.005,0.015;        521P    820
124,0.,1.,0.,-0.00864936026845,0.,0.,1.,0.005,1.,0.,0.,0.0125;       523P    821
100,0.,0.,0.,0.0025,0.,0.0025,-0.;                                   525P    822
110,-0.00864936026845,0.005,0.015,-0.00864936026845,0.,0.015;        527P    823
102,4,519,521,525,527;                                               529P    824
142,1,497,515,529,2;                                                 531P    825
144,497,1,0,531;                                                     533P    826
314,64.70588445663452,64.70588445663452,64.70588445663452,10HMix     535P    827
edColor;                                                             535P    828
110,-0.00864936026845,-0.045,-0.0125,-0.00864936026845,0.955,        537P    829
-0.0125;                                                             537P    830
110,-0.00864936026845,0.,-0.01,-0.00864936026845,0.005,-0.01;        539P    831
120,537,539,0.,6.28318530717959;                                     541P    832
126,1,1,1,0,1,0,3.14159265358979,3.14159265358979,                   543P    833
9.42477796076938,9.42477796076938,1.,1.,0.,6.28318530717959,0.,      543P    834
0.,0.,0.,3.14159265358979,9.42477796076938,0.,0.,1.;                 543P    835
126,1,1,1,0,1,0,0.,0.,1.,1.,1.,1.,0.,0.,0.,0.,6.28318530717959,      545P    836
0.,0.,1.,0.,0.,1.;                                                   545P    837
126,1,1,1,0,1,0,0.045,0.045,0.05,0.05,1.,1.,0.,6.28318530717959,     547P    838
0.,1.,6.28318530717959,0.,0.045,0.05,0.,0.,1.;                       547P    839
126,1,1,1,0,1,0,0.,0.,1.,1.,1.,1.,1.,6.28318530717959,0.,1.,0.,      549P    840
0.,0.,1.,0.,0.,1.;                                                   549P    841
126,1,1,1,0,1,0,0.,0.,6.28318530717959,6.28318530717959,1.,1.,       551P    842
1.,0.,0.,1.,6.28318530717959,0.,0.,6.28318530717959,0.,0.,1.;        551P    843
126,1,1,1,0,1,0,0.,0.,1.,1.,1.,1.,1.,6.28318530717959,0.,1.,0.,      553P    844
0.,0.,1.,0.,0.,1.;                                                   553P    845
126,1,1,1,0,1,0,-0.05,-0.05,-0.045,-0.045,1.,1.,1.,0.,0.,0.,0.,      555P    846
0.,-0.05,-0.045,0.,0.,1.;                                            555P    847
126,1,1,1,0,1,0,0.,0.,1.,1.,1.,1.,0.,0.,0.,0.,6.28318530717959,      557P    848
0.,0.,1.,0.,0.,1.;                                                   557P    849
102,8,543,545,547,549,551,553,555,557;                               559P    850
124,0.,1.,0.,-0.00864936026845,0.,0.,-1.,0.,-1.,0.,0.,-0.0125;       561P    851
100,0.,0.,0.,-0.0025,0.,-0.0025,0.;                                  563P    852
110,-0.00864936026845,0.,-0.01,-0.00864936026845,0.005,-0.01;        565P    853
124,0.,1.,0.,-0.00864936026845,0.,0.,1.,0.005,1.,0.,0.,-0.0125;      567P    854
100,0.,0.,0.,0.0025,0.,0.0025,-0.;                                   569P    855
110,-0.00864936026845,0.005,-0.01,-0.00864936026845,0.,-0.01;        571P    856
102,4,563,565,569,571;                                               573P    857
142,1,541,559,573,2;                                                 575P    858
144,541,1,0,575;                                                     577P    859
314,61.5686297416687,81.17647171020508,92.9411768913269,10HMixed     579P    860
Color;                                                               579P    861
110,-0.0464,-0.,0.025,-0.0464,-0.,-0.975;                            581P    862
110,-0.05165,-0.,0.,-0.05165,-0.,0.025;                              583P    863
120,581,583,0.,6.28318530717959;                                     585P    864
126,1,1,1,0,1,0,-5.40682678537257,-5.40682678537257,                 587P    865
-3.14159265358979,-3.14159265358979,1.,1.,1.,4.01795117539681,       587P    866
0.,1.,6.28318530717959,0.,-5.40682678537257,-3.14159265358979,       587P    867
0.,0.,1.;                                                            587P    868
126,1,1,1,0,1,0,0.,0.,0.025,0.025,1.,1.,1.,6.28318530717959,0.,      589P    869
0.,6.28318530717959,0.,0.,0.025,0.,0.,1.;                            589P    870
126,1,1,1,0,1,0,3.14159265358979,3.14159265358979,                   591P    871
5.40682678537257,5.40682678537257,1.,1.,0.,6.28318530717959,0.,      591P    872
0.,4.01795117539681,0.,3.14159265358979,5.40682678537257,0.,0.,      591P    873
1.;                                                                  591P    874
126,1,1,1,0,1,0,-0.025,-0.025,0.,0.,1.,1.,0.,4.01795117539681,       593P    875
0.,1.,4.01795117539681,0.,-0.025,0.,0.,0.,1.;                        593P    876
102,4,587,589,591,593;                                               595P    877
124,1.,0.,0.,-0.0464,0.,-1.,0.,-0.,0.,0.,-1.,0.025;                  597P    878
100,0.,0.,0.,0.00335975609756,0.00403417140996,-0.00525,-0.;         599P    879
110,-0.05165,-0.,0.025,-0.05165,-0.,0.;                              601P    880
124,1.,0.,0.,-0.0464,0.,1.,0.,-0.,0.,0.,1.,0.;                       603P    881
100,0.,0.,0.,-0.00525,0.,0.00335975609756,-0.00403417140996;         605P    882
110,-0.04304024390244,-0.00403417140996,0.,-0.04304024390244,        607P    883
-0.00403417140996,0.025;                                             607P    884
102,4,599,601,605,607;                                               609P    885
142,1,585,595,609,2;                                                 611P    886
144,585,1,0,611;                                                     613P    887
314,61.5686297416687,81.17647171020508,92.9411768913269,10HMixed     615P    888
Color;                                                               615P    889
110,-0.041087,-0.005313,0.,-0.051713,-0.005313,0.;                   617P    890
122,617,-0.041087,0.005313,0.;                                       619P    891
126,8,2,1,0,1,0,-6.28318530717959,-6.28318530717959,                 621P    892
-6.28318530717959,-6.06409567672783,-6.06409567672783,               621P    893
-5.84500604627608,-5.84500604627608,-5.62591641582433,               621P    894
-5.62591641582433,-5.40682678537257,-5.40682678537257,               621P    895
-5.40682678537257,1.,1.,1.,1.,1.,1.,1.,1.,1.,0.00592885375494,       621P    896
0.5,0.,0.00592885375494,0.44565953040203,0.,0.01773927148815,        621P    897
0.3926180309031,0.,0.02954968922136,0.33957653140417,0.,             621P    898
0.05260588549324,0.29036984029817,0.,0.07566208176511,               621P    899
0.24116314919217,0.,0.10886177277956,0.19814376806374,0.,            621P    900
0.14206146379401,0.15512438693531,0.,0.18381741976652,               621P    901
0.12034901092081,0.,-6.28318530717959,-5.40682678537257,0.,0.,       621P    902
1.;                                                                  621P    903
126,16,2,1,0,1,0,-5.40682678537257,-5.40682678537257,                623P    904
-5.40682678537257,-5.12367251889973,-5.12367251889973,               623P    905
-4.84051825242688,-4.84051825242688,-4.55736398595403,               623P    906
-4.55736398595403,-4.27420971948118,-4.27420971948118,               623P    907
-3.99105545300834,-3.99105545300834,-3.70790118653549,               623P    908
-3.70790118653549,-3.42474692006264,-3.42474692006264,               623P    909
-3.14159265358979,-3.14159265358979,-3.14159265358979,1.,1.,1.,      623P    910
1.,1.,1.,1.,1.,1.,1.,1.,1.,1.,1.,1.,1.,1.,0.18381741976652,          623P    911
0.12034901092081,0.,0.23792934380123,0.07528328409578,0.,            623P    912
0.30247719406542,0.0471302188403,0.,0.3670250443296,                 623P    913
0.01897715358481,0.,0.43686809569669,0.00997891860559,0.,            623P    914
0.50671114706378,0.00098068362637,0.,0.57628695357145,               623P    915
0.01185391708353,0.,0.64586276007912,0.02272715054068,0.,            623P    916
0.70963015970183,0.05260588549324,0.,0.77339755932454,               623P    917
0.08248462044579,0.,0.82627798364902,0.12898925226102,0.,            623P    918
0.87915840797349,0.17549388407625,0.,0.91694034995628,               623P    919
0.23492068709489,0.,0.95472229193906,0.29434749011353,0.,            623P    920
0.97439671909206,0.36196359006915,0.,0.99407114624506,               623P    921
0.42957969002477,0.,0.99407114624506,0.5,0.,-5.40682678537257,       623P    922
-3.14159265358979,0.,0.,1.;                                          623P    923
126,32,2,1,0,1,0,-3.14159265358979,-3.14159265358979,                625P    924
-3.14159265358979,-2.94524311274043,-2.94524311274043,               625P    925
-2.74889357189107,-2.74889357189107,-2.55254403104171,               625P    926
-2.55254403104171,-2.35619449019234,-2.35619449019234,               625P    927
-2.15984494934298,-2.15984494934298,-1.96349540849362,               625P    928
-1.96349540849362,-1.76714586764426,-1.76714586764426,               625P    929
-1.5707963267949,-1.5707963267949,-1.37444678594553,                 625P    930
-1.37444678594553,-1.17809724509617,-1.17809724509617,               625P    931
-0.98174770424681,-0.98174770424681,-0.78539816339745,               625P    932
-0.78539816339745,-0.58904862254809,-0.58904862254809,               625P    933
-0.39269908169872,-0.39269908169872,-0.19634954084936,               625P    934
-0.19634954084936,-0.,-0.,-0.,1.,1.,1.,1.,1.,1.,1.,1.,1.,1.,1.,      625P    935
1.,1.,1.,1.,1.,1.,1.,1.,1.,1.,1.,1.,1.,1.,1.,1.,1.,1.,1.,1.,1.,      625P    936
1.,0.99407114624506,0.5,0.,0.99407114624506,0.54866176055196,0.,     625P    937
0.98457770770911,0.59638849901983,0.,0.97508426917315,               625P    938
0.64411523748769,0.,0.9564622196202,0.68907284207761,0.,             625P    939
0.93784017006725,0.73403044666753,0.,0.91080514441825,               625P    940
0.77449122184763,0.,0.88377011876926,0.81495199702773,0.,            625P    941
0.84936105789849,0.84936105789849,0.,0.81495199702773,               625P    942
0.88377011876926,0.,0.77449122184763,0.91080514441825,0.,            625P    943
0.73403044666753,0.93784017006725,0.,0.68907284207761,               625P    944
0.9564622196202,0.,0.64411523748769,0.97508426917315,0.,             625P    945
0.59638849901983,0.98457770770911,0.,0.54866176055196,               625P    946
0.99407114624506,0.,0.5,0.99407114624506,0.,0.45133823944804,        625P    947
0.99407114624506,0.,0.40361150098017,0.98457770770911,0.,            625P    948
0.35588476251231,0.97508426917315,0.,0.31092715792239,               625P    949
0.9564622196202,0.,0.26596955333247,0.93784017006725,0.,             625P    950
0.22550877815237,0.91080514441825,0.,0.18504800297227,               625P    951
0.88377011876926,0.,0.15063894210151,0.84936105789849,0.,            625P    952
0.11622988123074,0.81495199702773,0.,0.08919485558175,               625P    953
0.77449122184763,0.,0.06215982993275,0.73403044666753,0.,            625P    954
0.0435377803798,0.68907284207761,0.,0.02491573082685,                625P    955
0.6441152374877,0.,0.01542229229089,0.59638849901983,0.,             625P    956
0.00592885375494,0.54866176055196,0.,0.00592885375494,0.5,0.,        625P    957
-3.14159265358979,-0.,0.,0.,1.;                                      625P    958
102,3,621,623,625;                                                   627P    959
124,1.,0.,0.,-0.0464,0.,-1.,0.,0.,0.,0.,-1.,0.;                      629P    960
100,0.,0.,0.,0.00525,0.,0.00335975609756,0.00403417140996;           631P    961
124,1.,0.,0.,-0.0464,0.,-1.,0.,-0.,0.,0.,-1.,0.;                     633P    962
100,0.,0.,0.,0.00335975609756,0.00403417140996,-0.00525,-0.;         635P    963
124,1.,0.,0.,-0.0464,0.,-1.,0.,-0.,0.,0.,-1.,0.;                     637P    964
100,0.,0.,0.,-0.00525,-0.,0.00525,-0.;                               639P    965
102,3,631,635,639;                                                   641P    966
142,1,619,627,641,2;                                                 643P    967
126,32,2,1,1,1,1,3.14159265358979,3.14159265358979,                  645P    968
3.14159265358979,3.53429173528852,3.53429173528852,                  645P    969
3.92699081698724,3.92699081698724,4.31968989868597,                  645P    970
4.31968989868597,4.71238898038469,4.71238898038469,                  645P    971
5.10508806208341,5.10508806208341,5.49778714378214,                  645P    972
5.49778714378214,5.89048622548086,5.89048622548086,                  645P    973
6.28318530717959,6.28318530717959,6.67588438887831,                  645P    974
6.67588438887831,7.06858347057703,7.06858347057703,                  645P    975
7.46128255227576,7.46128255227576,7.85398163397448,                  645P    976
7.85398163397448,8.24668071567321,8.24668071567321,                  645P    977
8.63937979737193,8.63937979737193,9.03207887907065,                  645P    978
9.03207887907065,9.42477796076938,9.42477796076938,                  645P    979
9.42477796076938,1.,1.,1.,1.,1.,1.,1.,1.,1.,1.,1.,1.,1.,1.,1.,       645P    980
1.,1.,1.,1.,1.,1.,1.,1.,1.,1.,1.,1.,1.,1.,1.,1.,1.,1.,               645P    981
0.75879917184265,0.5,0.,0.75879917184265,0.44852164405288,0.,        645P    982
0.7390992578963,0.40096184462601,0.,0.71939934394994,                645P    983
0.35340204519914,0.,0.6829986493754,0.3170013506246,0.,              645P    984
0.64659795480086,0.28060065605006,0.,0.59903815537399,               645P    985
0.2609007421037,0.,0.55147835594712,0.24120082815735,0.,0.5,         645P    986
0.24120082815735,0.,0.44852164405288,0.24120082815735,0.,            645P    987
0.40096184462601,0.2609007421037,0.,0.35340204519914,                645P    988
0.28060065605006,0.,0.3170013506246,0.3170013506246,0.,              645P    989
0.28060065605006,0.35340204519914,0.,0.2609007421037,                645P    990
0.40096184462601,0.,0.24120082815735,0.44852164405288,0.,            645P    991
0.24120082815735,0.5,0.,0.24120082815735,0.55147835594712,0.,        645P    992
0.2609007421037,0.59903815537399,0.,0.28060065605006,                645P    993
0.64659795480086,0.,0.3170013506246,0.6829986493754,0.,              645P    994
0.35340204519914,0.71939934394994,0.,0.40096184462601,               645P    995
0.7390992578963,0.,0.44852164405288,0.75879917184265,0.,0.5,         645P    996
0.75879917184265,0.,0.55147835594712,0.75879917184265,0.,            645P    997
0.59903815537399,0.7390992578963,0.,0.64659795480086,                645P    998
0.71939934394994,0.,0.6829986493754,0.6829986493754,0.,              645P    999
0.71939934394994,0.64659795480086,0.,0.7390992578963,                645P   1000
0.59903815537399,0.,0.75879917184265,0.55147835594712,0.,            645P   1001
0.75879917184265,0.5,0.,3.14159265358979,9.42477796076938,0.,0.,     645P   1002
1.;                                                                  645P   1003
102,1,645;                                                           647P   1004
124,1.,0.,0.,-0.0464,0.,1.,0.,0.,0.,0.,1.,0.;                        649P   1005
100,0.,0.,0.,-0.00275,0.,-0.00275,0.;                                651P   1006
102,1,651;                                                           653P   1007
142,1,619,647,653,2;                                                 655P   1008
144,619,1,1,643,655;                                                 657P   1009
314,61.5686297416687,81.17647171020508,92.9411768913269,10HMixed     659P   1010
Color;                                                               659P   1011
110,0.03,-0.,0.025,0.03,-0.,-0.975;                                  661P   1012
110,0.011,-0.,-0.025,0.011,-0.,0.025;                                663P   1013
120,661,663,0.,6.28318530717959;                                     665P   1014
126,1,1,1,0,1,0,0.,0.,0.05,0.05,1.,1.,1.,6.0168912900614,0.,0.,      667P   1015
6.0168912900614,0.,0.,0.05,0.,0.,1.;                                 667P   1016
126,1,1,1,0,1,0,3.40788667070798,3.40788667070798,                   669P   1017
9.1584839436512,9.1584839436512,1.,1.,0.,6.0168912900614,0.,0.,      669P   1018
0.26629401711818,0.,3.40788667070798,9.1584839436512,0.,0.,1.;       669P   1019
126,1,1,1,0,1,0,-0.05,-0.05,0.,0.,1.,1.,0.,0.26629401711818,0.,      671P   1020
1.,0.26629401711818,0.,-0.05,0.,0.,0.,1.;                            671P   1021
126,1,1,1,0,1,0,-9.1584839436512,-9.1584839436512,                   673P   1022
-3.40788667070798,-3.40788667070798,1.,1.,1.,0.26629401711818,       673P   1023
0.,1.,6.0168912900614,0.,-9.1584839436512,-3.40788667070798,0.,      673P   1024
0.,1.;                                                               673P   1025
102,4,667,669,671,673;                                               675P   1026
110,0.01166969722018,-0.005,0.025,0.01166969722018,-0.005,           677P   1027
-0.025;                                                              677P   1028
124,1.,0.,0.,0.03,0.,1.,0.,-0.,0.,0.,1.,-0.025;                      679P   1029
100,0.,0.,0.,-0.01833030277982,-0.005,-0.01833030277982,0.005;       681P   1030
110,0.01166969722018,0.005,-0.025,0.01166969722018,0.005,0.025;      683P   1031
124,1.,0.,0.,0.03,0.,-1.,0.,-0.,0.,0.,-1.,0.025;                     685P   1032
100,0.,0.,0.,-0.01833030277982,-0.005,-0.01833030277982,0.005;       687P   1033
102,4,677,681,683,687;                                               689P   1034
142,1,665,675,689,2;                                                 691P   1035
126,64,2,1,1,1,1,0.,0.,0.,0.00098122315809,0.00098122315809,         693P   1036
0.00196244631618,0.00196244631618,0.00294366947427,                  693P   1037
0.00294366947427,0.00392489263236,0.00392489263236,                  693P   1038
0.00490611579046,0.00490611579046,0.00588733894855,                  693P   1039
0.00588733894855,0.00686856210664,0.00686856210664,                  693P   1040
0.00784978526473,0.00784978526473,0.00883100842282,                  693P   1041
0.00883100842282,0.00981223158091,0.00981223158091,                  693P   1042
0.010793454739,0.010793454739,0.01177467789709,0.01177467789709,     693P   1043
0.01275590105518,0.01275590105518,0.01373712421327,                  693P   1044
0.01373712421327,0.01471834737137,0.01471834737137,                  693P   1045
0.01569957052946,0.01569957052946,0.01668079368755,                  693P   1046
0.01668079368755,0.01766201684564,0.01766201684564,                  693P   1047
0.01864324000373,0.01864324000373,0.01962446316182,                  693P   1048
0.01962446316182,0.02060568631991,0.02060568631991,                  693P   1049
0.021586909478,0.021586909478,0.02256813263609,0.02256813263609,     693P   1050
0.02354935579418,0.02354935579418,0.02453057895228,                  693P   1051
0.02453057895228,0.02551180211037,0.02551180211037,                  693P   1052
0.02649302526846,0.02649302526846,0.02747424842655,                  693P   1053
0.02747424842655,0.02845547158464,0.02845547158464,                  693P   1054
0.02943669474273,0.02943669474273,0.03041791790082,                  693P   1055
0.03041791790082,0.03139914105891,0.03139914105891,                  693P   1056
0.03139914105891,1.,1.,1.,1.,1.,1.,1.,1.,1.,1.,1.,1.,1.,1.,1.,       693P   1057
1.,1.,1.,1.,1.,1.,1.,1.,1.,1.,1.,1.,1.,1.,1.,1.,1.,1.,1.,1.,1.,      693P   1058
1.,1.,1.,1.,1.,1.,1.,1.,1.,1.,1.,1.,1.,1.,1.,1.,1.,1.,1.,1.,1.,      693P   1059
1.,1.,1.,1.,1.,1.,1.,1.,0.4,1.5707963267949,0.,0.4,                  693P   1060
1.59678567602981,0.,0.40193347951921,1.62231727852653,0.,            693P   1061
0.40386729988414,1.64785338189183,0.,0.4076647691133,                693P   1062
1.67200951615203,0.,0.41142925979876,1.69595587013979,0.,            693P   1063
0.41688214669387,1.7176407672715,0.,0.42235362270036,                693P   1064
1.73939958909224,0.,0.42930453529312,1.75800875614913,0.,            693P   1065
0.4362431285582,1.77658494157612,0.,0.44437013957617,                693P   1066
1.79125743785159,0.,0.45255455239631,1.8060335672742,0.,             693P   1067
0.46161139702499,1.81624839055466,0.,0.47074661738246,               693P   1068
1.8265516104293,0.,0.48041366670891,1.83181084815315,0.,             693P   1069
0.49008617095869,1.83707305356007,0.,0.49993585404384,               693P   1070
1.8370902877942,0.,0.50984392504766,1.83710762419112,0.,             693P   1071
0.51957399665761,1.83181755755293,0.,0.52920977891476,               693P   1072
1.82657875435654,0.,0.53831798146814,1.81632795638976,0.,            693P   1073
0.54739389442523,1.80611349864776,0.,0.55559528406762,               693P   1074
1.79131983431538,0.,0.56374802572191,1.77661392121027,0.,            693P   1075
0.57070571100291,1.75798132059099,0.,0.57762080888253,               693P   1076
1.73946276853946,0.,0.58307162503038,1.7178244439908,0.,             693P   1077
0.58856015556785,1.69603640310966,0.,0.59234276844531,               693P   1078
1.67196155571863,0.,0.5961153576036,1.64795050536866,0.,             693P   1079
0.5980470058801,1.62257430440543,0.,0.5999957743398,                 693P   1080
1.59697319437629,0.,0.59999999093814,1.57090835825744,0.,            693P   1081
0.60000419609607,1.54491424084773,0.,0.59807414347709,               693P   1082
1.51937613885096,0.,0.59614948320641,1.49390938741729,0.,            693P   1083
0.59237113889256,1.46981185165095,0.,0.58859485296973,               693P   1084
1.44572744389712,0.,0.58311158999574,1.42392698153963,0.,            693P   1085
0.577666969714,1.40228015554094,0.,0.57075732013165,                 693P   1086
1.38374964077692,0.,0.56379906043767,1.36508876189233,0.,            693P   1087
0.55564278480972,1.35035855327418,0.,0.5474707403076,                693P   1088
1.33559986611796,0.,0.53842819844715,1.32538894782176,0.,            693P   1089
0.52930819886142,1.31509056357666,0.,0.51965691589703,               693P   1090
1.30982027678638,0.,0.50994160334002,1.30451502528545,0.,            693P   1091
0.50004700111292,1.30450233980585,0.,0.4901924714148,                693P   1092
1.30448970570166,0.,0.48051338264339,1.30972769940791,0.,            693P   1093
0.47082704252013,1.31496961729921,0.,0.46167291440236,               693P   1094
1.32527494482759,0.,0.45262365927286,1.33546221081269,0.,            693P   1095
0.44444356383505,1.35020278031233,0.,0.43629268580126,               693P   1096
1.36489069991594,0.,0.42933476783157,1.38350299205257,0.,            693P   1097
0.42238741394379,1.40208702548026,0.,0.41691607065629,               693P   1098
1.42381706602699,0.,0.41145997657252,1.44548654268691,0.,            693P   1099
0.40769060387866,1.46941895388215,0.,0.4038836121133,                693P   1100
1.49359021518878,0.,0.40194324091133,1.51914664252542,0.,0.4,        693P   1101
1.54474086650573,0.,0.4,1.5707963267949,0.,0.,0.03139914105891,      693P   1102
0.,0.,1.;                                                            693P   1103
102,1,693;                                                           695P   1104
126,71,3,0,1,1,1,-0.00098122315809,-0.00098122315809,0.,0.,          697P   1105
0.00098122315809,0.00098122315809,0.00196244631618,                  697P   1106
0.00196244631618,0.00294366947427,0.00294366947427,                  697P   1107
0.00392489263236,0.00392489263236,0.00490611579046,                  697P   1108
0.00490611579046,0.00588733894855,0.00588733894855,                  697P   1109
0.00637795052759,0.00637795052759,0.00686856210664,                  697P   1110
0.00686856210664,0.00784978526473,0.00784978526473,                  697P   1111
0.00883100842282,0.00883100842282,0.00981223158091,                  697P   1112
0.00981223158091,0.010793454739,0.010793454739,0.01177467789709,     697P   1113
0.01177467789709,0.01275590105518,0.01275590105518,                  697P   1114
0.01373712421327,0.01373712421327,0.01471834737137,                  697P   1115
0.01471834737137,0.01520895895041,0.01520895895041,                  697P   1116
0.01569957052946,0.01569957052946,0.01668079368755,                  697P   1117
0.01668079368755,0.01766201684564,0.01766201684564,                  697P   1118
0.01864324000373,0.01864324000373,0.01962446316182,                  697P   1119
0.01962446316182,0.02060568631991,0.02060568631991,                  697P   1120
0.021586909478,0.021586909478,0.02256813263609,0.02256813263609,     697P   1121
0.02305874421514,0.02305874421514,0.02354935579418,                  697P   1122
0.02354935579418,0.02453057895228,0.02453057895228,                  697P   1123
0.02551180211037,0.02551180211037,0.02649302526846,                  697P   1124
0.02649302526846,0.02747424842655,0.02747424842655,                  697P   1125
0.02845547158464,0.02845547158464,0.02943669474273,                  697P   1126
0.02943669474273,0.03041791790082,0.03041791790082,                  697P   1127
0.03139914105891,0.03139914105891,0.032380364217,0.032380364217,     697P   1128
1.,1.,1.,1.,1.,1.,1.,1.,1.,1.,1.,1.,1.,1.,1.,1.,1.,1.,1.,1.,1.,      697P   1129
1.,1.,1.,1.,1.,1.,1.,1.,1.,1.,1.,1.,1.,1.,1.,1.,1.,1.,1.,1.,1.,      697P   1130
1.,1.,1.,1.,1.,1.,1.,1.,1.,1.,1.,1.,1.,1.,1.,1.,1.,1.,1.,1.,1.,      697P   1131
1.,1.,1.,1.,1.,1.,1.,1.,1.,0.02966810831163,0.019,-0.005,            697P   1132
0.03033189168837,0.019,-0.005,0.03065795286125,0.01899131641769,     697P   1133
-0.00496728465234,0.03129897728771,0.01895826097643,                 697P   1134
-0.00483936739574,0.03161734488251,0.01893347826514,                 697P   1135
-0.00474251730219,0.03222219302862,0.01887204975166,                 697P   1136
-0.00449100578648,0.03250882391756,0.01883563015536,                 697P   1137
-0.00433731101837,0.03305123225282,0.01875540302254,                 697P   1138
-0.00397447431225,0.03330684694879,0.01871147505008,                 697P   1139
-0.00376431944138,0.03376574187701,0.01862454626046,                 697P   1140
-0.00330522702931,0.03397216231814,0.01858109257814,                 697P   1141
-0.00305447962429,0.03433766236667,0.01849918268659,                 697P   1142
-0.0025085064181,0.03449198739264,0.01846181551719,                  697P   1143
-0.00221989456831,0.03467935992527,0.0184148781267,                  697P   1144
-0.00176919793897,0.03473459500689,0.01840070798303,                 697P   1145
-0.0016157047815,0.03483028831962,0.01837581995192,                  697P   1146
-0.00130200098678,0.03487089624167,0.01836506152306,                 697P   1147
-0.00114083202397,0.03496767555036,0.01833921098078,                 697P   1148
-0.00065628594572,0.034999788765,0.01833036039888,                   697P   1149
-0.00033090727182,0.03500020917765,0.01833024572195,                 697P   1150
0.0003244926762,0.0349673949226,0.01833928547743,                    697P   1151
0.00065748037961,0.0348391634211,0.01837353807854,                   697P   1152
0.00129991928615,0.03474430798934,0.01839859772724,                  697P   1153
0.00161231656639,0.03449242969028,0.01846171530775,                  697P   1154
0.00221948158043,0.03433666604135,0.01849939409411,                  697P   1155
0.00250975098607,0.03397547230533,0.01858036259476,                  697P   1156
0.00304977742069,0.03376713449929,0.01862428902278,                  697P   1157
0.00330390079102,0.03330442998926,0.01871192631414,                  697P   1158
0.00376667030927,0.03305361962554,0.01875499887921,                  697P   1159
0.00397255014797,0.03251334104866,0.01883501241172,                  697P   1160
0.00433461235507,0.03222048837012,0.01887223747045,                  697P   1161
0.00449178398608,0.03161723636709,0.01893347464877,                  697P   1162
0.00474249285845,0.03130548780486,0.01895784160179,                  697P   1163
0.00483773241779,0.03082226917834,0.01898288406829,                  697P   1164
0.00493465923211,0.03065762611537,0.01898932486387,                  697P   1165
0.00495930493592,0.03032952418543,0.0189978510549,                   697P   1166
0.00499185249845,0.03016571042004,0.01899998155445,                  697P   1167
0.00499992990692,0.02967496495327,0.01900003653339,                  697P   1168
0.00500013882688,0.02934834405583,0.01899160820687,                  697P   1169
0.00496840910461,0.0286985497483,0.01895816618228,                   697P   1170
0.0048390052431,0.02838580619555,0.01893372818021,                   697P   1171
0.00474349453377,0.02778330265526,0.01887267700466,                  697P   1172
0.00449361935549,0.02749069136111,0.01883556535635,                  697P   1173
0.00433703095074,0.02694831627387,0.01875532933793,                  697P   1174
0.00397412804883,0.0266975078448,0.01871226010685,                   697P   1175
0.0037682698593,0.02623609162326,0.01862493292533,                   697P   1176
0.00330746215386,0.02602621697835,0.0185807249385,                   697P   1177
0.0030519677589,0.02566482370136,0.01849974424696,                   697P   1178
0.00251231072207,0.02551059405555,0.01846245614279,                  697P   1179
0.00222573441514,0.02525724825294,0.01839900427807,                  697P   1180
0.00161708542958,0.02516171884356,0.01837377061888,                  697P   1181
0.0013029200192,0.02506546586261,0.01834806463017,                   697P   1182
0.00082280868268,0.02504115394103,0.01834148666553,                  697P   1183
0.00066098297151,0.02500843473876,0.01833260929549,                  697P   1184
0.00033365995862,0.02500007805092,0.01833032406995,                  697P   1185
0.0001672368662,0.02499984555499,0.0183302606515,                    697P   1186
-0.00032742356545,0.02503200074072,0.01833912078549,                 697P   1187
-0.0006529511032,0.02515970086252,0.01837323793143,                  697P   1188
-0.00129571063246,0.02525672057506,0.01839885683418,                 697P   1189
-0.00161487986864,0.02550691947657,0.01846155085353,                 697P   1190
-0.00221782869112,0.02566033710047,0.01849870883355,                 697P   1191
-0.00250499355712,0.02602492754557,0.01858046559083,                 697P   1192
-0.00305065005938,0.02623297931795,0.01862428474167,                 697P   1193
-0.00330375094009,0.02669141119411,0.01871116423613,                 697P   1194
-0.00376277227675,0.0269453513219,0.01875486004152,                  697P   1195
-0.00397194753794,0.02748952452422,0.01883542318636,                 697P   1196
-0.00433644539644,0.02777608874555,0.0188718250546,                  697P   1197
-0.00449005262354,0.02837816634908,0.01893307206367,                 697P   1198
-0.00474088698859,0.0286970231375,0.01895801300307,                  697P   1199
-0.00483840178529,0.02934116138436,0.01899131215602,                 697P   1200
-0.00496727412357,0.02966810831163,0.019,-0.005,                     697P   1201
0.03033189168837,0.019,-0.005,0.,0.03139914105891;                   697P   1202
102,1,697;                                                           699P   1203
142,1,665,695,699,2;                                                 701P   1204
126,64,2,1,1,1,1,0.,0.,0.,0.00098122315809,0.00098122315809,         703P   1205
0.00196244631618,0.00196244631618,0.00294366947427,                  703P   1206
0.00294366947427,0.00392489263236,0.00392489263236,                  703P   1207
0.00490611579046,0.00490611579046,0.00588733894855,                  703P   1208
0.00588733894855,0.00686856210664,0.00686856210664,                  703P   1209
0.00784978526473,0.00784978526473,0.00883100842282,                  703P   1210
0.00883100842282,0.00981223158091,0.00981223158091,                  703P   1211
0.010793454739,0.010793454739,0.01177467789709,0.01177467789709,     703P   1212
0.01275590105518,0.01275590105518,0.01373712421327,                  703P   1213
0.01373712421327,0.01471834737137,0.01471834737137,                  703P   1214
0.01569957052946,0.01569957052946,0.01668079368755,                  703P   1215
0.01668079368755,0.01766201684564,0.01766201684564,                  703P   1216
0.01864324000373,0.01864324000373,0.01962446316182,                  703P   1217
0.01962446316182,0.02060568631991,0.02060568631991,                  703P   1218
0.021586909478,0.021586909478,0.02256813263609,0.02256813263609,     703P   1219
0.02354935579418,0.02354935579418,0.02453057895228,                  703P   1220
0.02453057895228,0.02551180211037,0.02551180211037,                  703P   1221
0.02649302526846,0.02649302526846,0.02747424842655,                  703P   1222
0.02747424842655,0.02845547158464,0.02845547158464,                  703P   1223
0.02943669474273,0.02943669474273,0.03041791790082,                  703P   1224
0.03041791790082,0.03139914105891,0.03139914105891,                  703P   1225
0.03139914105891,1.,1.,1.,1.,1.,1.,1.,1.,1.,1.,1.,1.,1.,1.,1.,       703P   1226
1.,1.,1.,1.,1.,1.,1.,1.,1.,1.,1.,1.,1.,1.,1.,1.,1.,1.,1.,1.,1.,      703P   1227
1.,1.,1.,1.,1.,1.,1.,1.,1.,1.,1.,1.,1.,1.,1.,1.,1.,1.,1.,1.,1.,      703P   1228
1.,1.,1.,1.,1.,1.,1.,1.,0.4,4.71238898038469,0.,0.4,                 703P   1229
4.73837832961961,0.,0.40193347951921,4.76390993211632,0.,            703P   1230
0.40386729988414,4.78944603548162,0.,0.4076647691133,                703P   1231
4.81360216974182,0.,0.41142925979876,4.83754852372958,0.,            703P   1232
0.41688214669387,4.85923342086129,0.,0.42235362270036,               703P   1233
4.88099224268203,0.,0.42930453529312,4.89960140973892,0.,            703P   1234
0.4362431285582,4.91817759516591,0.,0.44437013957617,                703P   1235
4.93285009144138,0.,0.45255455239631,4.94762622086399,0.,            703P   1236
0.46161139702499,4.95784104414445,0.,0.47074661738246,               703P   1237
4.96814426401909,0.,0.48041366670891,4.97340350174295,0.,            703P   1238
0.49008617095869,4.97866570714986,0.,0.49993585404384,               703P   1239
4.97868294138399,0.,0.50984392504766,4.97870027778091,0.,            703P   1240
0.51957399665761,4.97341021114273,0.,0.52920977891476,               703P   1241
4.96817140794633,0.,0.53831798146814,4.95792060997955,0.,            703P   1242
0.54739389442523,4.94770615223755,0.,0.55559528406762,               703P   1243
4.93291248790517,0.,0.56374802572191,4.91820657480006,0.,            703P   1244
0.57070571100291,4.89957397418078,0.,0.57762080888253,               703P   1245
4.88105542212925,0.,0.58307162503038,4.85941709758059,0.,            703P   1246
0.58856015556785,4.83762905669945,0.,0.59234276844531,               703P   1247
4.81355420930842,0.,0.5961153576036,4.78954315895845,0.,             703P   1248
0.5980470058801,4.76416695799522,0.,0.5999957743398,                 703P   1249
4.73856584796608,0.,0.59999999093814,4.71250101184723,0.,            703P   1250
0.60000419609607,4.68650689443752,0.,0.59807414347709,               703P   1251
4.66096879244076,0.,0.59614948320641,4.63550204100708,0.,            703P   1252
0.59237113889256,4.61140450524075,0.,0.58859485296973,               703P   1253
4.58732009748691,0.,0.58311158999574,4.56551963512943,0.,            703P   1254
0.577666969714,4.54387280913073,0.,0.57075732013165,                 703P   1255
4.52534229436671,0.,0.56379906043767,4.50668141548212,0.,            703P   1256
0.55564278480972,4.49195120686397,0.,0.5474707403076,                703P   1257
4.47719251970775,0.,0.53842819844715,4.46698160141155,0.,            703P   1258
0.52930819886142,4.45668321716646,0.,0.51965691589703,               703P   1259
4.45141293037617,0.,0.50994160334002,4.44610767887525,0.,            703P   1260
0.50004700111292,4.44609499339564,0.,0.49019247141481,               703P   1261
4.44608235929145,0.,0.48051338264339,4.45132035299771,0.,            703P   1262
0.47082704252013,4.456562270889,0.,0.46167291440236,                 703P   1263
4.46686759841738,0.,0.45262365927286,4.47705486440248,0.,            703P   1264
0.44444356383505,4.49179543390212,0.,0.43629268580126,               703P   1265
4.50648335350573,0.,0.42933476783157,4.52509564564236,0.,            703P   1266
0.42238741394379,4.54367967907005,0.,0.41691607065629,               703P   1267
4.56540971961678,0.,0.41145997657252,4.5870791962767,0.,             703P   1268
0.40769060387866,4.61101160747195,0.,0.4038836121133,                703P   1269
4.63518286877858,0.,0.40194324091133,4.66073929611521,0.,0.4,        703P   1270
4.68633352009552,0.,0.4,4.71238898038469,0.,0.,0.03139914105891,     703P   1271
0.,0.,1.;                                                            703P   1272
102,1,703;                                                           705P   1273
126,71,3,0,1,1,1,-0.00098122315809,-0.00098122315809,0.,0.,          707P   1274
0.00098122315809,0.00098122315809,0.00196244631618,                  707P   1275
0.00196244631618,0.00294366947427,0.00294366947427,                  707P   1276
0.00392489263236,0.00392489263236,0.00490611579046,                  707P   1277
0.00490611579046,0.00588733894855,0.00588733894855,                  707P   1278
0.00637795052759,0.00637795052759,0.00686856210664,                  707P   1279
0.00686856210664,0.00784978526473,0.00784978526473,                  707P   1280
0.00883100842282,0.00883100842282,0.00981223158091,                  707P   1281
0.00981223158091,0.010793454739,0.010793454739,0.01177467789709,     707P   1282
0.01177467789709,0.01275590105518,0.01275590105518,                  707P   1283
0.01373712421327,0.01373712421327,0.01471834737137,                  707P   1284
0.01471834737137,0.01520895895041,0.01520895895041,                  707P   1285
0.01569957052946,0.01569957052946,0.01668079368755,                  707P   1286
0.01668079368755,0.01766201684564,0.01766201684564,                  707P   1287
0.01864324000373,0.01864324000373,0.01962446316182,                  707P   1288
0.01962446316182,0.02060568631991,0.02060568631991,                  707P   1289
0.021586909478,0.021586909478,0.02256813263609,0.02256813263609,     707P   1290
0.02305874421514,0.02305874421514,0.02354935579418,                  707P   1291
0.02354935579418,0.02453057895228,0.02453057895228,                  707P   1292
0.02551180211037,0.02551180211037,0.02649302526846,                  707P   1293
0.02649302526846,0.02747424842655,0.02747424842655,                  707P   1294
0.02845547158464,0.02845547158464,0.02943669474273,                  707P   1295
0.02943669474273,0.03041791790082,0.03041791790082,                  707P   1296
0.03139914105891,0.03139914105891,0.032380364217,0.032380364217,     707P   1297
1.,1.,1.,1.,1.,1.,1.,1.,1.,1.,1.,1.,1.,1.,1.,1.,1.,1.,1.,1.,1.,      707P   1298
1.,1.,1.,1.,1.,1.,1.,1.,1.,1.,1.,1.,1.,1.,1.,1.,1.,1.,1.,1.,1.,      707P   1299
1.,1.,1.,1.,1.,1.,1.,1.,1.,1.,1.,1.,1.,1.,1.,1.,1.,1.,1.,1.,1.,      707P   1300
1.,1.,1.,1.,1.,1.,1.,1.,1.,0.03033189168837,-0.019,-0.005,           707P   1301
0.02966810831163,-0.019,-0.005,0.02934204713875,                     707P   1302
-0.01899131641769,-0.00496728465234,0.02870102271229,                707P   1303
-0.01895826097643,-0.00483936739574,0.02838265511749,                707P   1304
-0.01893347826514,-0.00474251730219,0.02777780697138,                707P   1305
-0.01887204975166,-0.00449100578648,0.02749117608244,                707P   1306
-0.01883563015536,-0.00433731101837,0.02694876774718,                707P   1307
-0.01875540302254,-0.00397447431225,0.02669315305121,                707P   1308
-0.01871147505008,-0.00376431944138,0.02623425812299,                707P   1309
-0.01862454626046,-0.00330522702931,0.02602783768186,                707P   1310
-0.01858109257814,-0.00305447962429,0.02566233763333,                707P   1311
-0.01849918268659,-0.0025085064181,0.02550801260736,                 707P   1312
-0.01846181551719,-0.00221989456831,0.02532064007473,                707P   1313
-0.0184148781267,-0.00176919793897,0.02526540499311,                 707P   1314
-0.01840070798303,-0.0016157047815,0.02516971168038,                 707P   1315
-0.01837581995192,-0.00130200098678,0.02512910375833,                707P   1316
-0.01836506152306,-0.00114083202397,0.02503232444964,                707P   1317
-0.01833921098078,-0.00065628594572,0.025000211235,                  707P   1318
-0.01833036039888,-0.00033090727182,0.02499979082235,                707P   1319
-0.01833024572195,0.0003244926762,0.0250326050774,                   707P   1320
-0.01833928547743,0.00065748037961,0.0251608365789,                  707P   1321
-0.01837353807854,0.00129991928615,0.02525569201066,                 707P   1322
-0.01839859772724,0.00161231656639,0.02550757030972,                 707P   1323
-0.01846171530775,0.00221948158043,0.02566333395865,                 707P   1324
-0.01849939409411,0.00250975098607,0.02602452769467,                 707P   1325
-0.01858036259476,0.00304977742069,0.02623286550071,                 707P   1326
-0.01862428902278,0.00330390079102,0.02669557001074,                 707P   1327
-0.01871192631414,0.00376667030927,0.02694638037446,                 707P   1328
-0.01875499887921,0.00397255014797,0.02748665895134,                 707P   1329
-0.01883501241172,0.00433461235507,0.02777951162988,                 707P   1330
-0.01887223747045,0.00449178398608,0.02838276363291,                 707P   1331
-0.01893347464877,0.00474249285845,0.02869451219514,                 707P   1332
-0.01895784160179,0.00483773241779,0.02917773082166,                 707P   1333
-0.01898288406829,0.00493465923211,0.02934237388463,                 707P   1334
-0.01898932486387,0.00495930493592,0.02967047581457,                 707P   1335
-0.0189978510549,0.00499185249845,0.02983428957996,                  707P   1336
-0.01899998155445,0.00499992990692,0.03032503504673,                 707P   1337
-0.01900003653339,0.00500013882688,0.03065165594417,                 707P   1338
-0.01899160820687,0.00496840910461,0.0313014502517,                  707P   1339
-0.01895816618228,0.0048390052431,0.03161419380445,                  707P   1340
-0.01893372818021,0.00474349453377,0.03221669734474,                 707P   1341
-0.01887267700466,0.00449361935549,0.03250930863889,                 707P   1342
-0.01883556535635,0.00433703095074,0.03305168372613,                 707P   1343
-0.01875532933793,0.00397412804883,0.0333024921552,                  707P   1344
-0.01871226010685,0.0037682698593,0.03376390837674,                  707P   1345
-0.01862493292533,0.00330746215386,0.03397378302165,                 707P   1346
-0.0185807249385,0.0030519677589,0.03433517629864,                   707P   1347
-0.01849974424696,0.00251231072207,0.03448940594445,                 707P   1348
-0.01846245614279,0.00222573441514,0.03474275174706,                 707P   1349
-0.01839900427807,0.00161708542958,0.03483828115644,                 707P   1350
-0.01837377061888,0.0013029200192,0.03493453413739,                  707P   1351
-0.01834806463017,0.00082280868268,0.03495884605897,                 707P   1352
-0.01834148666553,0.00066098297151,0.03499156526124,                 707P   1353
-0.01833260929549,0.00033365995862,0.03499992194908,                 707P   1354
-0.01833032406995,0.0001672368662,0.03500015444501,                  707P   1355
-0.0183302606515,-0.00032742356545,0.03496799925928,                 707P   1356
-0.01833912078549,-0.0006529511032,0.03484029913748,                 707P   1357
-0.01837323793143,-0.00129571063246,0.03474327942494,                707P   1358
-0.01839885683418,-0.00161487986864,0.03449308052343,                707P   1359
-0.01846155085353,-0.00221782869112,0.03433966289953,                707P   1360
-0.01849870883355,-0.00250499355712,0.03397507245443,                707P   1361
-0.01858046559083,-0.00305065005938,0.03376702068205,                707P   1362
-0.01862428474167,-0.00330375094009,0.03330858880589,                707P   1363
-0.01871116423613,-0.00376277227675,0.0330546486781,                 707P   1364
-0.01875486004152,-0.00397194753794,0.03251047547578,                707P   1365
-0.01883542318636,-0.00433644539644,0.03222391125445,                707P   1366
-0.0188718250546,-0.00449005262354,0.03162183365092,                 707P   1367
-0.01893307206367,-0.00474088698859,0.0313029768625,                 707P   1368
-0.01895801300307,-0.00483840178529,0.03065883861564,                707P   1369
-0.01899131215602,-0.00496727412357,0.03033189168837,-0.019,         707P   1370
-0.005,0.02966810831163,-0.019,-0.005,0.,0.03139914105891;           707P   1371
102,1,707;                                                           709P   1372
142,1,665,705,709,2;                                                 711P   1373
144,665,1,2,691,701,711;                                             713P   1374
314,61.5686297416687,81.17647171020508,92.9411768913269,10HMixed     715P   1375
Color;                                                               715P   1376
110,0.,0.005,-0.025,0.,0.005,0.025;                                  717P   1377
122,717,0.01166969722018,0.005,-0.025;                               719P   1378
126,1,1,1,0,1,0,0.,0.,0.05,0.05,1.,1.,1.,1.,0.,0.,1.,0.,0.,0.05,     721P   1379
0.,0.,1.;                                                            721P   1380
126,1,1,1,0,1,0,-0.00583484861009,-0.00583484861009,                 723P   1381
0.00583484861009,0.00583484861009,1.,1.,0.,1.,0.,0.,0.,0.,           723P   1382
-0.00583484861009,0.00583484861009,0.,0.,1.;                         723P   1383
126,1,1,1,0,1,0,-0.05,-0.05,0.,0.,1.,1.,0.,0.,0.,1.,0.,0.,-0.05,     725P   1384
0.,0.,0.,1.;                                                         725P   1385
126,1,1,1,0,1,0,-0.00583484861009,-0.00583484861009,                 727P   1386
0.00583484861009,0.00583484861009,1.,1.,1.,0.,0.,1.,1.,0.,           727P   1387
-0.00583484861009,0.00583484861009,0.,0.,1.;                         727P   1388
102,4,721,723,725,727;                                               729P   1389
110,0.01166969722018,0.005,0.025,0.01166969722018,0.005,-0.025;      731P   1390
110,0.01166969722018,0.005,-0.025,0.,0.005,-0.025;                   733P   1391
110,0.,0.005,-0.025,0.,0.005,0.025;                                  735P   1392
110,0.,0.005,0.025,0.01166969722018,0.005,0.025;                     737P   1393
102,4,731,733,735,737;                                               739P   1394
142,1,719,729,739,2;                                                 741P   1395
144,719,1,0,741;                                                     743P   1396
314,61.5686297416687,81.17647171020508,92.9411768913269,10HMixed     745P   1397
Color;                                                               745P   1398
110,0.,0.,-0.025,0.,0.,0.025;                                        747P   1399
122,747,0.,0.005,-0.025;                                             749P   1400
126,1,1,1,0,1,0,0.,0.,0.05,0.05,1.,1.,1.,1.,0.,0.,1.,0.,0.,0.05,     751P   1401
0.,0.,1.;                                                            751P   1402
126,1,1,1,0,1,0,-0.0025,-0.0025,0.0025,0.0025,1.,1.,0.,1.,0.,0.,     753P   1403
0.,0.,-0.0025,0.0025,0.,0.,1.;                                       753P   1404
126,1,1,1,0,1,0,-0.05,-0.05,0.,0.,1.,1.,0.,0.,0.,1.,0.,0.,-0.05,     755P   1405
0.,0.,0.,1.;                                                         755P   1406
126,1,1,1,0,1,0,-0.0025,-0.0025,0.0025,0.0025,1.,1.,1.,0.,0.,1.,     757P   1407
1.,0.,-0.0025,0.0025,0.,0.,1.;                                       757P   1408
102,4,751,753,755,757;                                               759P   1409
110,0.,0.005,0.025,0.,0.005,-0.025;                                  761P   1410
110,0.,0.005,-0.025,0.,0.,-0.025;                                    763P   1411
110,0.,0.,-0.025,0.,0.,0.025;                                        765P   1412
110,0.,0.,0.025,0.,0.005,0.025;                                      767P   1413
102,4,761,763,765,767;                                               769P   1414
142,1,749,759,769,2;                                                 771P   1415
144,749,1,0,771;                                                     773P   1416
314,61.5686297416687,81.17647171020508,92.9411768913269,10HMixed     775P   1417
Color;                                                               775P   1418
110,-0.01885,0.,-0.025,-0.01885,0.,0.025;                            777P   1419
122,777,0.,0.,-0.025;                                                779P   1420
126,1,1,1,0,1,0,0.,0.,0.05,0.05,1.,1.,1.,1.,0.,0.,1.,0.,0.,0.05,     781P   1421
0.,0.,1.;                                                            781P   1422
126,1,1,1,0,1,0,-0.008175,-0.008175,0.010675,0.010675,1.,1.,0.,      783P   1423
1.,0.,0.,0.,0.,-0.008175,0.010675,0.,0.,1.;                          783P   1424
126,1,1,1,0,1,0,-0.05,-0.05,0.,0.,1.,1.,0.,0.,0.,1.,0.,0.,-0.05,     785P   1425
0.,0.,0.,1.;                                                         785P   1426
126,1,1,1,0,1,0,-0.010675,-0.010675,0.008175,0.008175,1.,1.,1.,      787P   1427
0.,0.,1.,1.,0.,-0.010675,0.008175,0.,0.,1.;                          787P   1428
102,4,781,783,785,787;                                               789P   1429
110,0.,0.,0.025,0.,0.,-0.025;                                        791P   1430
110,0.,0.,-0.025,-0.01885,0.,-0.025;                                 793P   1431
110,-0.01885,0.,-0.025,-0.01885,0.,0.025;                            795P   1432
110,-0.01885,0.,0.025,0.,0.,0.025;                                   797P   1433
102,4,791,793,795,797;                                               799P   1434
142,1,779,789,799,2;                                                 801P   1435
126,32,2,1,1,1,1,-6.28318530717959,-6.28318530717959,                803P   1436
-6.28318530717959,-5.89048622548086,-5.89048622548086,               803P   1437
-5.49778714378214,-5.49778714378214,-5.10508806208341,               803P   1438
-5.10508806208341,-4.71238898038469,-4.71238898038469,               803P   1439
-4.31968989868597,-4.31968989868597,-3.92699081698724,               803P   1440
-3.92699081698724,-3.53429173528852,-3.53429173528852,               803P   1441
-3.14159265358979,-3.14159265358979,-2.74889357189107,               803P   1442
-2.74889357189107,-2.35619449019234,-2.35619449019234,               803P   1443
-1.96349540849362,-1.96349540849362,-1.5707963267949,                803P   1444
-1.5707963267949,-1.17809724509617,-1.17809724509617,                803P   1445
-0.78539816339745,-0.78539816339745,-0.39269908169872,               803P   1446
-0.39269908169872,0.,0.,0.,1.,1.,1.,1.,1.,1.,1.,1.,1.,1.,1.,1.,      803P   1447
1.,1.,1.,1.,1.,1.,1.,1.,1.,1.,1.,1.,1.,1.,1.,1.,1.,1.,1.,1.,1.,      803P   1448
0.3,0.54114799636894,0.,0.3,0.51476704578809,0.,                     803P   1449
0.29619397662556,0.49039422549824,0.,0.29238795325113,               803P   1450
0.4660214052084,0.,0.28535533905933,0.44736725615853,0.,             803P   1451
0.27832272486753,0.42871310710866,0.,0.26913417161825,               803P   1452
0.41861755439132,0.,0.25994561836898,0.40852200167398,0.,0.25,       803P   1453
0.40852200167398,0.,0.24005438163102,0.40852200167398,0.,            803P   1454
0.23086582838175,0.41861755439132,0.,0.22167727513247,               803P   1455
0.42871310710866,0.,0.21464466094067,0.44736725615853,0.,            803P   1456
0.20761204674887,0.4660214052084,0.,0.20380602337444,                803P   1457
0.49039422549824,0.,0.2,0.51476704578809,0.,0.2,                     803P   1458
0.54114799636894,0.,0.2,0.5675289469498,0.,0.20380602337444,         803P   1459
0.59190176723965,0.,0.20761204674887,0.61627458752949,0.,            803P   1460
0.21464466094067,0.63492873657936,0.,0.22167727513247,               803P   1461
0.65358288562923,0.,0.23086582838175,0.66367843834657,0.,            803P   1462
0.24005438163102,0.67377399106391,0.,0.25,0.67377399106391,0.,       803P   1463
0.25994561836898,0.67377399106391,0.,0.26913417161825,               803P   1464
0.66367843834657,0.,0.27832272486753,0.65358288562923,0.,            803P   1465
0.28535533905933,0.63492873657936,0.,0.29238795325113,               803P   1466
0.61627458752949,0.,0.29619397662556,0.59190176723965,0.,0.3,        803P   1467
0.5675289469498,0.,0.3,0.54114799636894,0.,-6.28318530717959,0.,     803P   1468
0.,0.,1.;                                                            803P   1469
102,1,803;                                                           805P   1470
124,0.,-1.,0.,-0.00864936026845,0.,0.,-1.,0.,1.,0.,0.,-0.0125;       807P   1471
100,0.,0.,0.,0.0025,0.,0.0025,0.;                                    809P   1472
102,1,809;                                                           811P   1473
142,1,779,805,811,2;                                                 813P   1474
126,32,2,1,1,1,1,-6.28318530717959,-6.28318530717959,                815P   1475
-6.28318530717959,-5.89048622548086,-5.89048622548086,               815P   1476
-5.49778714378214,-5.49778714378214,-5.10508806208341,               815P   1477
-5.10508806208341,-4.71238898038469,-4.71238898038469,               815P   1478
-4.31968989868597,-4.31968989868597,-3.92699081698724,               815P   1479
-3.92699081698724,-3.53429173528852,-3.53429173528852,               815P   1480
-3.14159265358979,-3.14159265358979,-2.74889357189107,               815P   1481
-2.74889357189107,-2.35619449019234,-2.35619449019234,               815P   1482
-1.96349540849362,-1.96349540849362,-1.5707963267949,                815P   1483
-1.5707963267949,-1.17809724509617,-1.17809724509617,                815P   1484
-0.78539816339745,-0.78539816339745,-0.39269908169872,               815P   1485
-0.39269908169872,0.,0.,0.,1.,1.,1.,1.,1.,1.,1.,1.,1.,1.,1.,1.,      815P   1486
1.,1.,1.,1.,1.,1.,1.,1.,1.,1.,1.,1.,1.,1.,1.,1.,1.,1.,1.,1.,1.,      815P   1487
0.8,0.54114799636894,0.,0.8,0.51476704578809,0.,                     815P   1488
0.79619397662556,0.49039422549824,0.,0.79238795325113,               815P   1489
0.4660214052084,0.,0.78535533905933,0.44736725615853,0.,             815P   1490
0.77832272486753,0.42871310710866,0.,0.76913417161825,               815P   1491
0.41861755439132,0.,0.75994561836898,0.40852200167398,0.,0.75,       815P   1492
0.40852200167398,0.,0.74005438163102,0.40852200167398,0.,            815P   1493
0.73086582838175,0.41861755439132,0.,0.72167727513247,               815P   1494
0.42871310710866,0.,0.71464466094067,0.44736725615853,0.,            815P   1495
0.70761204674887,0.4660214052084,0.,0.70380602337444,                815P   1496
0.49039422549824,0.,0.7,0.51476704578809,0.,0.7,                     815P   1497
0.54114799636894,0.,0.7,0.5675289469498,0.,0.70380602337444,         815P   1498
0.59190176723965,0.,0.70761204674887,0.61627458752949,0.,            815P   1499
0.71464466094067,0.63492873657936,0.,0.72167727513247,               815P   1500
0.65358288562923,0.,0.73086582838175,0.66367843834657,0.,            815P   1501
0.74005438163102,0.67377399106391,0.,0.75,0.67377399106391,0.,       815P   1502
0.75994561836898,0.67377399106391,0.,0.76913417161825,               815P   1503
0.66367843834657,0.,0.77832272486753,0.65358288562923,0.,            815P   1504
0.78535533905933,0.63492873657936,0.,0.79238795325113,               815P   1505
0.61627458752949,0.,0.79619397662556,0.59190176723965,0.,0.8,        815P   1506
0.5675289469498,0.,0.8,0.54114799636894,0.,-6.28318530717959,0.,     815P   1507
0.,0.,1.;                                                            815P   1508
102,1,815;                                                           817P   1509
124,0.,-1.,0.,-0.00864936026845,0.,0.,-1.,0.,1.,0.,0.,0.0125;        819P   1510
100,0.,0.,0.,0.0025,0.,0.0025,0.;                                    821P   1511
102,1,821;                                                           823P   1512
142,1,779,817,823,2;                                                 825P   1513
144,779,1,2,801,813,825;                                             827P   1514
314,61.5686297416687,81.17647171020508,92.9411768913269,10HMixed     829P   1515
Color;                                                               829P   1516
110,-0.03,0.,0.025,-0.03,0.,-0.975;                                  831P   1517
110,-0.04115,0.,0.025,-0.04115,0.,-0.025;                            833P   1518
120,831,833,0.,6.28318530717959;                                     835P   1519
126,1,1,1,0,1,0,0.,0.,0.05,0.05,1.,1.,0.,3.14159265358979,0.,1.,     837P   1520
3.14159265358979,0.,0.,0.05,0.,0.,1.;                                837P   1521
126,1,1,1,0,1,0,-6.28318530717959,-6.28318530717959,                 839P   1522
-3.14159265358979,-3.14159265358979,1.,1.,1.,3.14159265358979,       839P   1523
0.,1.,6.28318530717959,0.,-6.28318530717959,-3.14159265358979,       839P   1524
0.,0.,1.;                                                            839P   1525
126,1,1,1,0,1,0,0.,0.,0.025,0.025,1.,1.,1.,6.28318530717959,0.,      841P   1526
0.5,6.28318530717959,0.,0.,0.025,0.,0.,1.;                           841P   1527
126,1,1,1,0,1,0,-0.025,-0.025,0.,0.,1.,1.,0.5,6.28318530717959,      843P   1528
0.,0.,6.28318530717959,0.,-0.025,0.,0.,0.,1.;                        843P   1529
126,1,1,1,0,1,0,3.14159265358979,3.14159265358979,                   845P   1530
6.28318530717959,6.28318530717959,1.,1.,0.,6.28318530717959,0.,      845P   1531
0.,3.14159265358979,0.,3.14159265358979,6.28318530717959,0.,0.,      845P   1532
1.;                                                                  845P   1533
102,5,837,839,841,843,845;                                           847P   1534
110,-0.01885,0.,0.025,-0.01885,0.,-0.025;                            849P   1535
124,1.,0.,0.,-0.03,0.,-1.,0.,0.,0.,0.,-1.,-0.025;                    851P   1536
100,0.,0.,0.,0.01115,0.,-0.01115,-0.;                                853P   1537
110,-0.04115,0.,-0.025,-0.04115,0.,0.;                               855P   1538
110,-0.04115,0.,0.,-0.04115,0.,0.025;                                857P   1539
124,1.,0.,0.,-0.03,0.,1.,0.,0.,0.,0.,1.,0.025;                       859P   1540
100,0.,0.,0.,-0.01115,0.,0.01115,-0.;                                861P   1541
102,5,849,853,855,857,861;                                           863P   1542
142,1,835,847,863,2;                                                 865P   1543
144,835,1,0,865;                                                     867P   1544
314,61.5686297416687,81.17647171020508,92.9411768913269,10HMixed     869P   1545
Color;                                                               869P   1546
110,-0.0464,-0.,0.025,-0.0464,-0.,-0.975;                            871P   1547
110,-0.05165,-0.,0.,-0.05165,-0.,0.025;                              873P   1548
120,871,873,0.,6.28318530717959;                                     875P   1549
126,1,1,1,0,1,0,-0.025,-0.025,0.,0.,1.,1.,0.,0.,0.,1.,0.,0.,         877P   1550
-0.025,0.,0.,0.,1.;                                                  877P   1551
126,1,1,1,0,1,0,-3.14159265358979,-3.14159265358979,-0.,-0.,1.,      879P   1552
1.,1.,0.,0.,1.,3.14159265358979,0.,-3.14159265358979,-0.,0.,0.,      879P   1553
1.;                                                                  879P   1554
126,1,1,1,0,1,0,0.,0.,0.025,0.025,1.,1.,1.,3.14159265358979,0.,      881P   1555
0.,3.14159265358979,0.,0.,0.025,0.,0.,1.;                            881P   1556
126,1,1,1,0,1,0,0.,0.,3.14159265358979,3.14159265358979,1.,1.,       883P   1557
0.,3.14159265358979,0.,0.,0.,0.,0.,3.14159265358979,0.,0.,1.;        883P   1558
102,4,877,879,881,883;                                               885P   1559
110,-0.05165,-0.,0.,-0.05165,-0.,0.025;                              887P   1560
124,1.,0.,0.,-0.0464,0.,-1.,0.,-0.,0.,0.,-1.,0.025;                  889P   1561
100,0.,0.,0.,-0.00525,-0.,0.00525,-0.;                               891P   1562
110,-0.04115,0.,0.025,-0.04115,0.,0.;                                893P   1563
124,1.,0.,0.,-0.0464,0.,1.,0.,-0.,0.,0.,1.,0.;                       895P   1564
100,0.,0.,0.,0.00525,0.,-0.00525,0.;                                 897P   1565
102,4,887,891,893,897;                                               899P   1566
142,1,875,885,899,2;                                                 901P   1567
144,875,1,0,901;                                                     903P   1568
314,61.5686297416687,81.17647171020508,92.9411768913269,10HMixed     905P   1569
Color;                                                               905P   1570
110,-0.03,-0.,0.025,-0.03,-0.,-0.975;                                907P   1571
110,-0.04365,-0.,-0.025,-0.04365,-0.,0.025;                          909P   1572
120,907,909,0.,6.28318530717959;                                     911P   1573
126,1,1,1,0,1,0,0.,0.,0.025,0.025,1.,1.,1.,5.98316072268474,0.,      913P   1574
0.5,5.98316072268474,0.,0.,0.025,0.,0.,1.;                           913P   1575
126,1,1,1,0,1,0,-0.025,-0.025,0.,0.,1.,1.,0.5,5.98316072268474,      915P   1576
0.,0.,5.98316072268474,0.,-0.025,0.,0.,0.,1.;                        915P   1577
126,1,1,1,0,1,0,3.44161723808464,3.44161723808464,                   917P   1578
5.90815539084406,5.90815539084406,1.,1.,0.,5.98316072268474,0.,      917P   1579
0.,3.51662256992532,0.,3.44161723808464,5.90815539084406,0.,0.,      917P   1580
1.;                                                                  917P   1581
126,1,1,1,0,1,0,-0.05,-0.05,0.,0.,1.,1.,0.,3.51662256992532,0.,      919P   1582
1.,3.51662256992532,0.,-0.05,0.,0.,0.,1.;                            919P   1583
126,1,1,1,0,1,0,-5.90815539084406,-5.90815539084406,                 921P   1584
-3.44161723808464,-3.44161723808464,1.,1.,1.,3.51662256992532,       921P   1585
0.,1.,5.98316072268474,0.,-5.90815539084406,-3.44161723808464,       921P   1586
0.,0.,1.;                                                            921P   1587
102,5,913,915,917,919,921;                                           923P   1588
110,-0.04304024390244,-0.00403417140996,0.025,-0.04304024390244,     925P   1589
-0.00403417140996,0.;                                                925P   1590
110,-0.04304024390244,-0.00403417140996,0.,-0.04304024390244,        927P   1591
-0.00403417140996,-0.025;                                            927P   1592
124,1.,0.,0.,-0.03,0.,1.,0.,-0.,0.,0.,1.,-0.025;                     929P   1593
100,0.,0.,0.,-0.01304024390244,-0.00403417140996,                    931P   1594
0.01270127946311,-0.005;                                             931P   1595
110,-0.01729872053689,-0.005,-0.025,-0.01729872053689,-0.005,        933P   1596
0.025;                                                               933P   1597
124,1.,0.,0.,-0.03,0.,-1.,0.,-0.,0.,0.,-1.,0.025;                    935P   1598
100,0.,0.,0.,0.01270127946311,0.005,-0.01304024390244,               937P   1599
0.00403417140996;                                                    937P   1600
102,5,925,927,931,933,937;                                           939P   1601
142,1,911,923,939,2;                                                 941P   1602
144,911,1,0,941;                                                     943P   1603
314,61.5686297416687,81.17647171020508,92.9411768913269,10HMixed     945P   1604
Color;                                                               945P   1605
110,-0.01729872053689,-0.005,0.025,-0.01729872053689,-0.005,         947P   1606
-0.025;                                                              947P   1607
122,947,0.01166969722018,-0.005,0.025;                               949P   1608
126,1,1,1,0,1,0,0.,0.,0.05,0.05,1.,1.,0.,0.,0.,1.,0.,0.,0.,0.05,     951P   1609
0.,0.,1.;                                                            951P   1610
126,1,1,1,0,1,0,-0.01448420887853,-0.01448420887853,                 953P   1611
0.01448420887853,0.01448420887853,1.,1.,1.,0.,0.,1.,1.,0.,           953P   1612
-0.01448420887853,0.01448420887853,0.,0.,1.;                         953P   1613
126,1,1,1,0,1,0,-0.05,-0.05,0.,0.,1.,1.,1.,1.,0.,0.,1.,0.,-0.05,     955P   1614
0.,0.,0.,1.;                                                         955P   1615
126,1,1,1,0,1,0,-0.01448420887853,-0.01448420887853,                 957P   1616
0.01448420887853,0.01448420887853,1.,1.,0.,1.,0.,0.,0.,0.,           957P   1617
-0.01448420887853,0.01448420887853,0.,0.,1.;                         957P   1618
102,4,951,953,955,957;                                               959P   1619
110,-0.01729872053689,-0.005,0.025,-0.01729872053689,-0.005,         961P   1620
-0.025;                                                              961P   1621
110,-0.01729872053689,-0.005,-0.025,0.01166969722018,-0.005,         963P   1622
-0.025;                                                              963P   1623
110,0.01166969722018,-0.005,-0.025,0.01166969722018,-0.005,          965P   1624
0.025;                                                               965P   1625
110,0.01166969722018,-0.005,0.025,-0.01729872053689,-0.005,          967P   1626
0.025;                                                               967P   1627
102,4,961,963,965,967;                                               969P   1628
142,1,949,959,969,2;                                                 971P   1629
126,32,2,1,1,1,1,0.,0.,0.,0.39269908169872,0.39269908169872,         973P   1630
0.78539816339745,0.78539816339745,1.17809724509617,                  973P   1631
1.17809724509617,1.5707963267949,1.5707963267949,                    973P   1632
1.96349540849362,1.96349540849362,2.35619449019234,                  973P   1633
2.35619449019234,2.74889357189107,2.74889357189107,                  973P   1634
3.14159265358979,3.14159265358979,3.53429173528852,                  973P   1635
3.53429173528852,3.92699081698724,3.92699081698724,                  973P   1636
4.31968989868597,4.31968989868597,4.71238898038469,                  973P   1637
4.71238898038469,5.10508806208341,5.10508806208341,                  973P   1638
5.49778714378214,5.49778714378214,5.89048622548086,                  973P   1639
5.89048622548086,6.28318530717959,6.28318530717959,                  973P   1640
6.28318530717959,1.,1.,1.,1.,1.,1.,1.,1.,1.,1.,1.,1.,1.,1.,1.,       973P   1641
1.,1.,1.,1.,1.,1.,1.,1.,1.,1.,1.,1.,1.,1.,1.,1.,1.,1.,0.7,           973P   1642
0.29857896765298,0.,0.7,0.31574528038084,0.,0.70380602337444,        973P   1643
0.3316048853588,0.,0.70761204674887,0.34746449033676,0.,             973P   1644
0.71464466094067,0.3596029064746,0.,0.72167727513247,                973P   1645
0.37174132261244,0.,0.73086582838175,0.37831058608819,0.,            973P   1646
0.74005438163102,0.38487984956394,0.,0.75,0.38487984956394,0.,       973P   1647
0.75994561836898,0.38487984956394,0.,0.76913417161825,               973P   1648
0.37831058608819,0.,0.77832272486753,0.37174132261244,0.,            973P   1649
0.78535533905933,0.3596029064746,0.,0.79238795325113,                973P   1650
0.34746449033676,0.,0.79619397662556,0.3316048853588,0.,0.8,         973P   1651
0.31574528038084,0.,0.8,0.29857896765298,0.,0.8,                     973P   1652
0.28141265492512,0.,0.79619397662556,0.26555304994716,0.,            973P   1653
0.79238795325113,0.2496934449692,0.,0.78535533905933,                973P   1654
0.23755502883136,0.,0.77832272486753,0.22541661269352,0.,            973P   1655
0.76913417161825,0.21884734921777,0.,0.75994561836898,               973P   1656
0.21227808574202,0.,0.75,0.21227808574202,0.,0.74005438163102,       973P   1657
0.21227808574202,0.,0.73086582838175,0.21884734921777,0.,            973P   1658
0.72167727513247,0.22541661269352,0.,0.71464466094067,               973P   1659
0.23755502883136,0.,0.70761204674887,0.2496934449692,0.,             973P   1660
0.70380602337444,0.26555304994716,0.,0.7,0.28141265492512,0.,        973P   1661
0.7,0.29857896765298,0.,0.,6.28318530717959,0.,0.,1.;                973P   1662
102,1,973;                                                           975P   1663
124,0.,1.,0.,-0.00864936026845,0.,0.,1.,-0.005,1.,0.,0.,-0.0125;     977P   1664
100,0.,0.,0.,0.0025,0.,0.0025,-0.;                                   979P   1665
102,1,979;                                                           981P   1666
142,1,949,975,981,2;                                                 983P   1667
126,32,2,1,1,1,1,0.,0.,0.,0.39269908169872,0.39269908169872,         985P   1668
0.78539816339745,0.78539816339745,1.17809724509617,                  985P   1669
1.17809724509617,1.5707963267949,1.5707963267949,                    985P   1670
1.96349540849362,1.96349540849362,2.35619449019234,                  985P   1671
2.35619449019234,2.74889357189107,2.74889357189107,                  985P   1672
3.14159265358979,3.14159265358979,3.53429173528852,                  985P   1673
3.53429173528852,3.92699081698724,3.92699081698724,                  985P   1674
4.31968989868597,4.31968989868597,4.71238898038469,                  985P   1675
4.71238898038469,5.10508806208341,5.10508806208341,                  985P   1676
5.49778714378214,5.49778714378214,5.89048622548086,                  985P   1677
5.89048622548086,6.28318530717959,6.28318530717959,                  985P   1678
6.28318530717959,1.,1.,1.,1.,1.,1.,1.,1.,1.,1.,1.,1.,1.,1.,1.,       985P   1679
1.,1.,1.,1.,1.,1.,1.,1.,1.,1.,1.,1.,1.,1.,1.,1.,1.,1.,0.2,           985P   1680
0.29857896765298,0.,0.2,0.31574528038084,0.,0.20380602337444,        985P   1681
0.3316048853588,0.,0.20761204674887,0.34746449033676,0.,             985P   1682
0.21464466094067,0.3596029064746,0.,0.22167727513247,                985P   1683
0.37174132261244,0.,0.23086582838175,0.37831058608819,0.,            985P   1684
0.24005438163102,0.38487984956394,0.,0.25,0.38487984956394,0.,       985P   1685
0.25994561836898,0.38487984956394,0.,0.26913417161825,               985P   1686
0.37831058608819,0.,0.27832272486753,0.37174132261244,0.,            985P   1687
0.28535533905933,0.3596029064746,0.,0.29238795325113,                985P   1688
0.34746449033676,0.,0.29619397662556,0.3316048853588,0.,0.3,         985P   1689
0.31574528038084,0.,0.3,0.29857896765298,0.,0.3,                     985P   1690
0.28141265492512,0.,0.29619397662556,0.26555304994716,0.,            985P   1691
0.29238795325113,0.2496934449692,0.,0.28535533905933,                985P   1692
0.23755502883136,0.,0.27832272486753,0.22541661269352,0.,            985P   1693
0.26913417161825,0.21884734921777,0.,0.25994561836898,               985P   1694
0.21227808574202,0.,0.25,0.21227808574202,0.,0.24005438163102,       985P   1695
0.21227808574202,0.,0.23086582838175,0.21884734921777,0.,            985P   1696
0.22167727513247,0.22541661269352,0.,0.21464466094067,               985P   1697
0.23755502883136,0.,0.20761204674887,0.2496934449692,0.,             985P   1698
0.20380602337444,0.26555304994716,0.,0.2,0.28141265492512,0.,        985P   1699
0.2,0.29857896765298,0.,0.,6.28318530717959,0.,0.,1.;                985P   1700
102,1,985;                                                           987P   1701
124,0.,1.,0.,-0.00864936026845,0.,0.,1.,-0.005,1.,0.,0.,0.0125;      989P   1702
100,0.,0.,0.,0.0025,0.,0.0025,-0.;                                   991P   1703
102,1,991;                                                           993P   1704
142,1,949,987,993,2;                                                 995P   1705
144,949,1,2,971,983,995;                                             997P   1706
314,61.5686297416687,81.17647171020508,92.9411768913269,10HMixed     999P   1707
Color;                                                               999P   1708
110,0.03,0.,0.025,0.03,0.,-0.975;                                   1001P   1709
110,0.0135,0.,0.025,0.0135,0.,-0.025;                               1003P   1710
120,1001,1003,0.,6.28318530717959;                                  1005P   1711
126,1,1,1,0,1,0,3.14159265358979,3.14159265358979,                  1007P   1712
9.42477796076938,9.42477796076938,1.,1.,0.,6.28318530717959,0.,     1007P   1713
0.,0.,0.,3.14159265358979,9.42477796076938,0.,0.,1.;                1007P   1714
126,1,1,1,0,1,0,0.,0.,1.,1.,1.,1.,0.,0.,0.,0.,6.28318530717959,     1009P   1715
0.,0.,1.,0.,0.,1.;                                                  1009P   1716
126,1,1,1,0,1,0,0.,0.,0.05,0.05,1.,1.,0.,6.28318530717959,0.,1.,    1011P   1717
6.28318530717959,0.,0.,0.05,0.,0.,1.;                               1011P   1718
126,1,1,1,0,1,0,0.,0.,1.,1.,1.,1.,1.,6.28318530717959,0.,1.,0.,     1013P   1719
0.,0.,1.,0.,0.,1.;                                                  1013P   1720
126,1,1,1,0,1,0,-9.42477796076938,-9.42477796076938,                1015P   1721
-3.14159265358979,-3.14159265358979,1.,1.,1.,0.,0.,1.,              1015P   1722
6.28318530717959,0.,-9.42477796076938,-3.14159265358979,0.,0.,      1015P   1723
1.;                                                                 1015P   1724
126,1,1,1,0,1,0,0.,0.,1.,1.,1.,1.,1.,6.28318530717959,0.,1.,0.,     1017P   1725
0.,0.,1.,0.,0.,1.;                                                  1017P   1726
126,1,1,1,0,1,0,-0.05,-0.05,0.,0.,1.,1.,1.,0.,0.,0.,0.,0.,-0.05,    1019P   1727
0.,0.,0.,1.;                                                        1019P   1728
126,1,1,1,0,1,0,0.,0.,1.,1.,1.,1.,0.,0.,0.,0.,6.28318530717959,     1021P   1729
0.,0.,1.,0.,0.,1.;                                                  1021P   1730
102,8,1007,1009,1011,1013,1015,1017,1019,1021;                      1023P   1731
124,1.,0.,0.,0.03,0.,1.,0.,0.,0.,0.,1.,0.025;                       1025P   1732
100,0.,0.,0.,-0.0165,0.,-0.0165,0.;                                 1027P   1733
110,0.0135,0.,0.025,0.0135,0.,-0.025;                               1029P   1734
124,1.,0.,0.,0.03,0.,-1.,0.,0.,0.,0.,-1.,-0.025;                    1031P   1735
100,0.,0.,0.,-0.0165,-0.,-0.0165,-0.;                               1033P   1736
110,0.0135,0.,-0.025,0.0135,0.,0.025;                               1035P   1737
102,4,1027,1029,1033,1035;                                          1037P   1738
142,1,1005,1023,1037,2;                                             1039P   1739
126,64,2,1,1,1,1,-0.03144631482881,-0.03144631482881,               1041P   1740
-0.03144631482881,-0.03046361749041,-0.03046361749041,              1041P   1741
-0.02948092015201,-0.02948092015201,-0.02849822281361,              1041P   1742
-0.02849822281361,-0.02751552547521,-0.02751552547521,              1041P   1743
-0.02653282813681,-0.02653282813681,-0.02555013079841,              1041P   1744
-0.02555013079841,-0.02456743346001,-0.02456743346001,              1041P   1745
-0.02358473612161,-0.02358473612161,-0.02260203878321,              1041P   1746
-0.02260203878321,-0.02161934144481,-0.02161934144481,              1041P   1747
-0.02063664410641,-0.02063664410641,-0.01965394676801,              1041P   1748
-0.01965394676801,-0.01867124942961,-0.01867124942961,              1041P   1749
-0.01768855209121,-0.01768855209121,-0.01670585475281,              1041P   1750
-0.01670585475281,-0.01572315741441,-0.01572315741441,              1041P   1751
-0.01474046007601,-0.01474046007601,-0.01375776273761,              1041P   1752
-0.01375776273761,-0.01277506539921,-0.01277506539921,              1041P   1753
-0.01179236806081,-0.01179236806081,-0.01080967072241,              1041P   1754
-0.01080967072241,-0.009826973384,-0.009826973384,                  1041P   1755
-0.0088442760456,-0.0088442760456,-0.0078615787072,                 1041P   1756
-0.0078615787072,-0.0068788813688,-0.0068788813688,                 1041P   1757
-0.0058961840304,-0.0058961840304,-0.004913486692,                  1041P   1758
-0.004913486692,-0.0039307893536,-0.0039307893536,                  1041P   1759
-0.0029480920152,-0.0029480920152,-0.0019653946768,                 1041P   1760
-0.0019653946768,-0.0009826973384,-0.0009826973384,0.,0.,0.,1.,     1041P   1761
1.,1.,1.,1.,1.,1.,1.,1.,1.,1.,1.,1.,1.,1.,1.,1.,1.,1.,1.,1.,1.,     1041P   1762
1.,1.,1.,1.,1.,1.,1.,1.,1.,1.,1.,1.,1.,1.,1.,1.,1.,1.,1.,1.,1.,     1041P   1763
1.,1.,1.,1.,1.,1.,1.,1.,1.,1.,1.,1.,1.,1.,1.,1.,1.,1.,1.,1.,1.,     1041P   1764
1.,0.6,1.5707963267949,0.,0.6,1.54079445516849,0.,                  1041P   1765
0.5980563959117,1.51130678964996,0.,0.59611512709343,               1041P   1766
1.48185455401246,0.,0.59230441823813,1.45395674405099,0.,           1041P   1767
0.58853840922692,1.42638617707843,0.,0.58308894190549,              1041P   1768
1.40136946346208,0.,0.57761902689262,1.37625888121408,0.,           1041P   1769
0.57067638215845,1.35474067210093,0.,0.56373412152665,              1041P   1770
1.33322365348442,0.,0.55561236157434,1.31620662201559,0.,           1041P   1771
0.54742258347411,1.29904707624315,0.,0.53837352217497,              1041P   1772
1.28717798160284,0.,0.52921130136118,1.27516046261834,0.,           1041P   1773
0.51952753074029,1.26904118149879,0.,0.50983587817853,              1041P   1774
1.26291691969416,0.,0.49997273688916,1.26292547021426,0.,           1041P   1775
0.49006086101588,1.26293406298318,0.,0.48032399200647,              1041P   1776
1.26913537547592,0.,0.47068816505367,1.27527233531408,0.,           1041P   1777
0.461570932216,1.28725089842176,0.,0.45252894393932,                1041P   1778
1.29913060239768,0.,0.44434628029821,1.31629332288098,0.,           1041P   1779
0.43621070937293,1.33335726878986,0.,0.42926052568743,              1041P   1780
1.35493639187217,0.,0.42235600461386,1.37637374041044,0.,           1041P   1781
0.4169113071068,1.40136832033391,0.,0.41142532892041,               1041P   1782
1.42655240449297,0.,0.40764590915242,1.45432104759565,0.,           1041P   1783
0.40386290022091,1.48211606146611,0.,0.40193431363941,              1041P   1784
1.51144791429568,0.,0.39999582994186,1.54093029225826,0.,           1041P   1785
0.40000000891277,1.57092426710861,0.,0.40000419437317,              1041P   1786
1.60096481937878,0.,0.40195688253111,1.63048696777705,0.,           1041P   1787
0.40389132828499,1.65973331434917,0.,0.40766972665198,              1041P   1788
1.68744644960613,0.,0.41145324673848,1.71519715075528,0.,           1041P   1789
0.41694137973205,1.74036230649302,0.,0.42238623705136,              1041P   1790
1.76532902697355,0.,0.4292880522503,1.78674169448296,0.,            1041P   1791
0.43624339506201,1.80832042975015,0.,0.44438427584156,              1041P   1792
1.82537898585358,0.,0.45258273254625,1.84255818764337,0.,           1041P   1793
0.46164221463584,1.85443530808862,0.,0.47076362486341,              1041P   1794
1.86639361727584,0.,0.48040238527091,1.87250710291957,0.,           1041P   1795
0.49014800894164,1.87868836771725,0.,0.50006735419799,              1041P   1796
1.87866712306539,0.,0.50992495370292,1.87864601065683,0.,           1041P   1797
0.51960969369002,1.87249943926475,0.,0.52927613506972,              1041P   1798
1.86636448136946,0.,0.53842150450337,1.85435169095747,0.,           1041P   1799
0.54746016090423,1.84247907217075,0.,0.55564039323995,              1041P   1800
1.82532727753812,0.,0.56375479852582,1.80831350490705,0.,           1041P   1801
0.57069087807589,1.7868070434884,0.,0.57763134294742,               1041P   1802
1.7652869846555,0.,0.58309914749306,1.74017633052151,0.,            1041P   1803
0.58855328615756,1.71512843635115,0.,0.59231990272471,              1041P   1804
1.68752248563792,0.,0.59612395047548,1.65964219762716,0.,           1041P   1805
0.59806128488321,1.63021164228229,0.,0.6,1.60076011222398,0.,       1041P   1806
0.6,1.5707963267949,0.,-0.03144631482881,0.,0.,0.,1.;               1041P   1807
102,1,1041;                                                         1043P   1808
126,71,3,0,1,1,1,-0.03242901216722,-0.03242901216722,               1045P   1809
-0.03144631482881,-0.03144631482881,-0.03046361749041,              1045P   1810
-0.03046361749041,-0.02948092015201,-0.02948092015201,              1045P   1811
-0.02849822281361,-0.02849822281361,-0.02751552547521,              1045P   1812
-0.02751552547521,-0.02653282813681,-0.02653282813681,              1045P   1813
-0.02555013079841,-0.02555013079841,-0.02456743346001,              1045P   1814
-0.02456743346001,-0.02358473612161,-0.02358473612161,              1045P   1815
-0.02309338745241,-0.02309338745241,-0.02260203878321,              1045P   1816
-0.02260203878321,-0.02161934144481,-0.02161934144481,              1045P   1817
-0.02063664410641,-0.02063664410641,-0.01965394676801,              1045P   1818
-0.01965394676801,-0.01867124942961,-0.01867124942961,              1045P   1819
-0.01768855209121,-0.01768855209121,-0.01670585475281,              1045P   1820
-0.01670585475281,-0.01572315741441,-0.01572315741441,              1045P   1821
-0.01523180874521,-0.01523180874521,-0.01474046007601,              1045P   1822
-0.01474046007601,-0.01375776273761,-0.01375776273761,              1045P   1823
-0.01277506539921,-0.01277506539921,-0.01179236806081,              1045P   1824
-0.01179236806081,-0.01080967072241,-0.01080967072241,              1045P   1825
-0.009826973384,-0.009826973384,-0.0088442760456,                   1045P   1826
-0.0088442760456,-0.0078615787072,-0.0078615787072,                 1045P   1827
-0.0068788813688,-0.0068788813688,-0.0063875326996,                 1045P   1828
-0.0063875326996,-0.0058961840304,-0.0058961840304,                 1045P   1829
-0.004913486692,-0.004913486692,-0.0039307893536,                   1045P   1830
-0.0039307893536,-0.0029480920152,-0.0029480920152,                 1045P   1831
-0.0019653946768,-0.0019653946768,-0.0009826973384,                 1045P   1832
-0.0009826973384,0.,0.,0.0009826973384,0.0009826973384,1.,1.,1.,    1045P   1833
1.,1.,1.,1.,1.,1.,1.,1.,1.,1.,1.,1.,1.,1.,1.,1.,1.,1.,1.,1.,1.,     1045P   1834
1.,1.,1.,1.,1.,1.,1.,1.,1.,1.,1.,1.,1.,1.,1.,1.,1.,1.,1.,1.,1.,     1045P   1835
1.,1.,1.,1.,1.,1.,1.,1.,1.,1.,1.,1.,1.,1.,1.,1.,1.,1.,1.,1.,1.,     1045P   1836
1.,1.,1.,1.,1.,1.,0.03033242420295,0.0165,-0.005,                   1045P   1837
0.02966757579705,0.0165,-0.005,0.02934058333288,0.0164899651723,    1045P   1838
-0.00496716466354,0.0286974196722,0.01645165846394,                 1045P   1839
-0.00483847492763,0.0283781284288,0.01642290313024,                 1045P   1840
-0.00474091695475,0.02777493204254,0.0163521034489,                 1045P   1841
-0.00448952486907,0.02748880121926,0.01631010315,                   1045P   1842
-0.00433592552874,0.02694682304485,0.01621738864801,                1045P   1843
-0.00397296866181,0.02669183702157,0.01616666526109,                1045P   1844
-0.00376312627673,0.02623366723315,0.01606610548469,                1045P   1845
-0.00330451193912,0.02602734602385,0.01601573340228,                1045P   1846
-0.00305386944891,0.02566165810313,0.01592056800535,                1045P   1847
-0.00250736670853,0.02550794091725,0.01587729196719,                1045P   1848
-0.00221986070995,0.02525762742949,0.01580433160297,                1045P   1849
-0.00161749150754,0.0251604205275,0.01577444091741,                 1045P   1850
-0.00129862734704,0.02503209480864,0.01573449820418,                1045P   1851
-0.00065412572699,0.02499991032826,0.01572415667956,                1045P   1852
-0.0003282307817,0.0250000451146,0.01572419953912,                  1045P   1853
0.00016616012416,0.02500836143025,0.01572685094612,                 1045P   1854
0.00033285674786,0.02504118543329,0.01573723147144,                 1045P   1855
0.00066136776353,0.02506558695407,0.01574492622787,                 1045P   1856
0.00082357409318,0.02516205108976,0.01577494172595,                 1045P   1857
0.00130425301266,0.02525714237219,0.01580420020564,                 1045P   1858
0.00161683914157,0.0255107361223,0.01587809662567,                  1045P   1859
0.00222606763683,0.0256654474874,0.01592157078123,                  1045P   1860
0.00251331880974,0.02602632557579,0.0160154510769,                  1045P   1861
0.00305205316044,0.0262351057063,0.01606646822562,                  1045P   1862
0.0033063608758,0.0266967072744,0.01616768652148,                   1045P   1863
0.00376758655545,0.02694727604167,0.01621746582246,                 1045P   1864
0.00397327027525,0.02748831103934,0.01631001961474,                 1045P   1865
0.00433559901407,0.02778101163124,0.01635292727502,                 1045P   1866
0.00449251147947,0.02838398914618,0.0164234785829,                  1045P   1867
0.00474289760528,0.02869672619936,0.01645166296737,                 1045P   1868
0.00483849563113,0.02934592570021,0.01649023722697,                 1045P   1869
0.00496807300493,0.02967456008635,0.01650004177193,                 1045P   1870
0.00500013784737,0.03016588647958,0.01649997891147,                 1045P   1871
0.00499993040786,0.03032979788353,0.01649752011229,                 1045P   1872
0.00499183441766,0.03065789768082,0.01648769562859,                 1045P   1873
0.00495926891173,0.03082285794414,0.01648026289027,                 1045P   1874
0.00493457422528,0.0313072165749,0.01645131682696,                  1045P   1875
0.00483731916978,0.03161909188168,0.0164231712316,                  1045P   1876
0.00474183643098,0.03222163802744,0.01635256360021,                 1045P   1877
0.00449119090382,0.03251439842183,0.01630959430445,                 1045P   1878
0.00433399501822,0.03305450236664,0.01621712308308,                 1045P   1879
0.00397186700858,0.03330480527029,0.01616737544886,                 1045P   1880
0.00376625425719,0.03376613557619,0.01606617532584,                 1045P   1881
0.00330494051778,0.0339748652134,0.01601515659886,                  1045P   1882
0.00305054124072,0.03433590564515,0.01592120336492,                 1045P   1883
0.00251103117512,0.03449131859403,0.01587751062428,                 1045P   1884
0.00222178860971,0.03474376684248,0.01580392237646,                 1045P   1885
0.00161398992671,0.03483880108912,0.01577468005383,                 1045P   1886
0.00130133048146,0.03496728553956,0.01573469418671,                 1045P   1887
0.00065843099145,0.03500021996599,0.01572411524842,                 1045P   1888
0.0003248970349,0.03499977776572,0.01572425585989,                  1045P   1889
-0.0003316324547,0.03496754430205,0.01573461419949,                 1045P   1890
-0.00065734315465,0.03487061171255,0.01576477994282,                1045P   1891
-0.00114205544943,0.03482990947825,0.01577734082685,                1045P   1892
-0.00130342455877,0.03473402655501,0.01580637535019,                1045P   1893
-0.00161738484132,0.03467871396079,0.01582289079365,                1045P   1894
-0.00177090187085,0.03449122651894,0.01587752606469,                1045P   1895
-0.00222142193381,0.03433729381543,0.0159208521884,                 1045P   1896
-0.00250913170975,0.03397182565663,0.01601593746865,                1045P   1897
-0.00305490761425,0.03376559426727,0.01606627834436,                1045P   1898
-0.00330534496311,0.0333074529946,0.01616681028257,                 1045P   1899
-0.00376374284448,0.0330524493963,0.01621752616245,                 1045P   1900
-0.00397352780143,0.03251040210804,0.01631022634431,                1045P   1901
-0.00433638694787,0.03222394332642,0.01635227010835,                1045P   1902
-0.00449013601404,0.03161927870841,0.01642317259485,                1045P   1903
-0.00474185425843,0.03130063566796,0.0164517981411,                 1045P   1904
-0.004838947075,0.03065891633965,0.01648997102707,                  1045P   1905
-0.00496718141332,0.03033242420295,0.0165,-0.005,                   1045P   1906
0.02966757579705,0.0165,-0.005,-0.03144631482881,0.;                1045P   1907
102,1,1045;                                                         1047P   1908
142,1,1005,1043,1047,2;                                             1049P   1909
126,64,2,1,1,1,1,-0.03144631482881,-0.03144631482881,               1051P   1910
-0.03144631482881,-0.03046361749041,-0.03046361749041,              1051P   1911
-0.02948092015201,-0.02948092015201,-0.02849822281361,              1051P   1912
-0.02849822281361,-0.02751552547521,-0.02751552547521,              1051P   1913
-0.02653282813681,-0.02653282813681,-0.02555013079841,              1051P   1914
-0.02555013079841,-0.02456743346001,-0.02456743346001,              1051P   1915
-0.02358473612161,-0.02358473612161,-0.02260203878321,              1051P   1916
-0.02260203878321,-0.02161934144481,-0.02161934144481,              1051P   1917
-0.02063664410641,-0.02063664410641,-0.01965394676801,              1051P   1918
-0.01965394676801,-0.01867124942961,-0.01867124942961,              1051P   1919
-0.01768855209121,-0.01768855209121,-0.01670585475281,              1051P   1920
-0.01670585475281,-0.01572315741441,-0.01572315741441,              1051P   1921
-0.01474046007601,-0.01474046007601,-0.01375776273761,              1051P   1922
-0.01375776273761,-0.01277506539921,-0.01277506539921,              1051P   1923
-0.01179236806081,-0.01179236806081,-0.01080967072241,              1051P   1924
-0.01080967072241,-0.009826973384,-0.009826973384,                  1051P   1925
-0.0088442760456,-0.0088442760456,-0.0078615787072,                 1051P   1926
-0.0078615787072,-0.0068788813688,-0.0068788813688,                 1051P   1927
-0.0058961840304,-0.0058961840304,-0.004913486692,                  1051P   1928
-0.004913486692,-0.0039307893536,-0.0039307893536,                  1051P   1929
-0.0029480920152,-0.0029480920152,-0.0019653946768,                 1051P   1930
-0.0019653946768,-0.0009826973384,-0.0009826973384,0.,0.,0.,1.,     1051P   1931
1.,1.,1.,1.,1.,1.,1.,1.,1.,1.,1.,1.,1.,1.,1.,1.,1.,1.,1.,1.,1.,     1051P   1932
1.,1.,1.,1.,1.,1.,1.,1.,1.,1.,1.,1.,1.,1.,1.,1.,1.,1.,1.,1.,1.,     1051P   1933
1.,1.,1.,1.,1.,1.,1.,1.,1.,1.,1.,1.,1.,1.,1.,1.,1.,1.,1.,1.,1.,     1051P   1934
1.,0.6,4.71238898038469,0.,0.6,4.68238710875828,0.,                 1051P   1935
0.5980563959117,4.65289944323975,0.,0.59611512709343,               1051P   1936
4.62344720760225,0.,0.59230441823813,4.59554939764078,0.,           1051P   1937
0.58853840922692,4.56797883066823,0.,0.58308894190549,              1051P   1938
4.54296211705187,0.,0.57761902689262,4.51785153480387,0.,           1051P   1939
0.57067638215845,4.49633332569072,0.,0.56373412152665,              1051P   1940
4.47481630707422,0.,0.55561236157434,4.45779927560538,0.,           1051P   1941
0.54742258347411,4.44063972983295,0.,0.53837352217497,              1051P   1942
4.42877063519264,0.,0.52921130136118,4.41675311620813,0.,           1051P   1943
0.51952753074029,4.41063383508858,0.,0.50983587817853,              1051P   1944
4.40450957328395,0.,0.49997273688916,4.40451812380406,0.,           1051P   1945
0.49006086101588,4.40452671657298,0.,0.48032399200647,              1051P   1946
4.41072802906571,0.,0.47068816505367,4.41686498890388,0.,           1051P   1947
0.461570932216,4.42884355201155,0.,0.45252894393932,                1051P   1948
4.44072325598747,0.,0.44434628029821,4.45788597647078,0.,           1051P   1949
0.43621070937293,4.47494992237966,0.,0.42926052568743,              1051P   1950
4.49652904546197,0.,0.42235600461386,4.51796639400023,0.,           1051P   1951
0.4169113071068,4.54296097392371,0.,0.41142532892041,               1051P   1952
4.56814505808276,0.,0.40764590915242,4.59591370118544,0.,           1051P   1953
0.40386290022091,4.62370871505591,0.,0.40193431363941,              1051P   1954
4.65304056788548,0.,0.39999582994186,4.68252294584805,0.,           1051P   1955
0.40000000891277,4.7125169206984,0.,0.40000419437317,               1051P   1956
4.74255747296857,0.,0.40195688253111,4.77207962136684,0.,           1051P   1957
0.40389132828499,4.80132596793896,0.,0.40766972665198,              1051P   1958
4.82903910319592,0.,0.41145324673848,4.85678980434508,0.,           1051P   1959
0.41694137973205,4.88195496008281,0.,0.42238623705136,              1051P   1960
4.90692168056334,0.,0.4292880522503,4.92833434807276,0.,            1051P   1961
0.43624339506201,4.94991308333995,0.,0.44438427584156,              1051P   1962
4.96697163944337,0.,0.45258273254625,4.98415084123316,0.,           1051P   1963
0.46164221463584,4.99602796167841,0.,0.47076362486341,              1051P   1964
5.00798627086563,0.,0.48040238527091,5.01409975650936,0.,           1051P   1965
0.49014800894164,5.02028102130705,0.,0.50006735419799,              1051P   1966
5.02025977665518,0.,0.50992495370292,5.02023866424662,0.,           1051P   1967
0.51960969369002,5.01409209285454,0.,0.52927613506972,              1051P   1968
5.00795713495925,0.,0.53842150450337,4.99594434454727,0.,           1051P   1969
0.54746016090423,4.98407172576055,0.,0.55564039323995,              1051P   1970
4.96691993112792,0.,0.56375479852582,4.94990615849684,0.,           1051P   1971
0.57069087807589,4.9283996970782,0.,0.57763134294742,               1051P   1972
4.9068796382453,0.,0.58309914749306,4.8817689841113,0.,             1051P   1973
0.58855328615756,4.85672108994094,0.,0.59231990272471,              1051P   1974
4.82911513922771,0.,0.59612395047548,4.80123485121695,0.,           1051P   1975
0.59806128488321,4.77180429587208,0.,0.6,4.74235276581377,0.,       1051P   1976
0.6,4.71238898038469,0.,-0.03144631482881,0.,0.,0.,1.;              1051P   1977
102,1,1051;                                                         1053P   1978
126,71,3,0,1,1,1,-0.03242901216722,-0.03242901216722,               1055P   1979
-0.03144631482881,-0.03144631482881,-0.03046361749041,              1055P   1980
-0.03046361749041,-0.02948092015201,-0.02948092015201,              1055P   1981
-0.02849822281361,-0.02849822281361,-0.02751552547521,              1055P   1982
-0.02751552547521,-0.02653282813681,-0.02653282813681,              1055P   1983
-0.02555013079841,-0.02555013079841,-0.02456743346001,              1055P   1984
-0.02456743346001,-0.02358473612161,-0.02358473612161,              1055P   1985
-0.02309338745241,-0.02309338745241,-0.02260203878321,              1055P   1986
-0.02260203878321,-0.02161934144481,-0.02161934144481,              1055P   1987
-0.02063664410641,-0.02063664410641,-0.01965394676801,              1055P   1988
-0.01965394676801,-0.01867124942961,-0.01867124942961,              1055P   1989
-0.01768855209121,-0.01768855209121,-0.01670585475281,              1055P   1990
-0.01670585475281,-0.01572315741441,-0.01572315741441,              1055P   1991
-0.01523180874521,-0.01523180874521,-0.01474046007601,              1055P   1992
-0.01474046007601,-0.01375776273761,-0.01375776273761,              1055P   1993
-0.01277506539921,-0.01277506539921,-0.01179236806081,              1055P   1994
-0.01179236806081,-0.0108096707224,-0.0108096707224,                1055P   1995
-0.009826973384,-0.009826973384,-0.0088442760456,                   1055P   1996
-0.0088442760456,-0.0078615787072,-0.0078615787072,                 1055P   1997
-0.0068788813688,-0.0068788813688,-0.0063875326996,                 1055P   1998
-0.0063875326996,-0.0058961840304,-0.0058961840304,                 1055P   1999
-0.004913486692,-0.004913486692,-0.0039307893536,                   1055P   2000
-0.0039307893536,-0.0029480920152,-0.0029480920152,                 1055P   2001
-0.0019653946768,-0.0019653946768,-0.0009826973384,                 1055P   2002
-0.0009826973384,0.,0.,0.0009826973384,0.0009826973384,1.,1.,1.,    1055P   2003
1.,1.,1.,1.,1.,1.,1.,1.,1.,1.,1.,1.,1.,1.,1.,1.,1.,1.,1.,1.,1.,     1055P   2004
1.,1.,1.,1.,1.,1.,1.,1.,1.,1.,1.,1.,1.,1.,1.,1.,1.,1.,1.,1.,1.,     1055P   2005
1.,1.,1.,1.,1.,1.,1.,1.,1.,1.,1.,1.,1.,1.,1.,1.,1.,1.,1.,1.,1.,     1055P   2006
1.,1.,1.,1.,1.,1.,0.02966757579705,-0.0165,-0.005,                  1055P   2007
0.03033242420295,-0.0165,-0.005,0.03065941666712,                   1055P   2008
-0.0164899651723,-0.00496716466354,0.0313025803278,                 1055P   2009
-0.01645165846394,-0.00483847492763,0.0316218715712,                1055P   2010
-0.01642290313024,-0.00474091695475,0.03222506795746,               1055P   2011
-0.0163521034489,-0.00448952486907,0.03251119878074,                1055P   2012
-0.01631010315,-0.00433592552874,0.03305317695515,                  1055P   2013
-0.01621738864801,-0.00397296866181,0.03330816297843,               1055P   2014
-0.01616666526109,-0.00376312627673,0.03376633276685,               1055P   2015
-0.01606610548469,-0.00330451193912,0.03397265397615,               1055P   2016
-0.01601573340228,-0.00305386944891,0.03433834189687,               1055P   2017
-0.01592056800535,-0.00250736670853,0.03449205908275,               1055P   2018
-0.01587729196719,-0.00221986070995,0.03474237257051,               1055P   2019
-0.01580433160297,-0.00161749150754,0.0348395794725,                1055P   2020
-0.01577444091741,-0.00129862734704,0.03496790519136,               1055P   2021
-0.01573449820418,-0.00065412572699,0.03500008967174,               1055P   2022
-0.01572415667956,-0.0003282307817,0.0349999548854,                 1055P   2023
-0.01572419953912,0.00016616012416,0.03499163856975,                1055P   2024
-0.01572685094612,0.00033285674786,0.03495881456671,                1055P   2025
-0.01573723147144,0.00066136776353,0.03493441304593,                1055P   2026
-0.01574492622787,0.00082357409318,0.03483794891024,                1055P   2027
-0.01577494172595,0.00130425301266,0.03474285762781,                1055P   2028
-0.01580420020564,0.00161683914157,0.0344892638777,                 1055P   2029
-0.01587809662567,0.00222606763683,0.0343345525126,                 1055P   2030
-0.01592157078123,0.00251331880974,0.03397367442421,                1055P   2031
-0.0160154510769,0.00305205316044,0.0337648942937,                  1055P   2032
-0.01606646822562,0.0033063608758,0.0333032927256,                  1055P   2033
-0.01616768652148,0.00376758655545,0.03305272395833,                1055P   2034
-0.01621746582246,0.00397327027525,0.03251168896066,                1055P   2035
-0.01631001961474,0.00433559901407,0.03221898836875,                1055P   2036
-0.01635292727502,0.00449251147947,0.03161601085382,                1055P   2037
-0.0164234785829,0.00474289760528,0.03130327380064,                 1055P   2038
-0.01645166296737,0.00483849563113,0.03065407429979,                1055P   2039
-0.01649023722697,0.00496807300493,0.03032543991365,                1055P   2040
-0.01650004177193,0.00500013784737,0.02983411352042,                1055P   2041
-0.01649997891147,0.00499993040786,0.02967020211647,                1055P   2042
-0.01649752011229,0.00499183441766,0.02934210231918,                1055P   2043
-0.01648769562859,0.00495926891173,0.02917714205586,                1055P   2044
-0.01648026289027,0.00493457422528,0.0286927834251,                 1055P   2045
-0.01645131682696,0.00483731916978,0.02838090811832,                1055P   2046
-0.0164231712316,0.00474183643098,0.02777836197256,                 1055P   2047
-0.01635256360021,0.00449119090382,0.02748560157817,                1055P   2048
-0.01630959430445,0.00433399501822,0.02694549763336,                1055P   2049
-0.01621712308308,0.00397186700858,0.02669519472971,                1055P   2050
-0.01616737544886,0.00376625425719,0.02623386442381,                1055P   2051
-0.01606617532584,0.00330494051778,0.0260251347866,                 1055P   2052
-0.01601515659886,0.00305054124072,0.02566409435485,                1055P   2053
-0.01592120336492,0.00251103117512,0.02550868140597,                1055P   2054
-0.01587751062428,0.00222178860971,0.02525623315752,                1055P   2055
-0.01580392237646,0.00161398992671,0.02516119891088,                1055P   2056
-0.01577468005383,0.00130133048146,0.02503271446044,                1055P   2057
-0.01573469418671,0.00065843099145,0.02499978003401,                1055P   2058
-0.01572411524842,0.0003248970349,0.02500022223428,                 1055P   2059
-0.01572425585989,-0.0003316324547,0.02503245569795,                1055P   2060
-0.01573461419949,-0.00065734315465,0.02512938828745,               1055P   2061
-0.01576477994282,-0.00114205544943,0.02517009052175,               1055P   2062
-0.01577734082685,-0.00130342455877,0.02526597344499,               1055P   2063
-0.01580637535019,-0.00161738484132,0.02532128603921,               1055P   2064
-0.01582289079365,-0.00177090187085,0.02550877348106,               1055P   2065
-0.01587752606469,-0.00222142193381,0.02566270618457,               1055P   2066
-0.0159208521884,-0.00250913170975,0.02602817434337,                1055P   2067
-0.01601593746865,-0.00305490761425,0.02623440573273,               1055P   2068
-0.01606627834436,-0.00330534496311,0.0266925470054,                1055P   2069
-0.01616681028257,-0.00376374284448,0.0269475506037,                1055P   2070
-0.01621752616245,-0.00397352780143,0.02748959789196,               1055P   2071
-0.01631022634431,-0.00433638694787,0.02777605667358,               1055P   2072
-0.01635227010835,-0.00449013601404,0.02838072129159,               1055P   2073
-0.01642317259485,-0.00474185425843,0.02869936433204,               1055P   2074
-0.0164517981411,-0.004838947075,0.02934108366035,                  1055P   2075
-0.01648997102707,-0.00496718141332,0.02966757579705,-0.0165,       1055P   2076
-0.005,0.03033242420295,-0.0165,-0.005,-0.03144631482881,0.;        1055P   2077
102,1,1055;                                                         1057P   2078
142,1,1005,1053,1057,2;                                             1059P   2079
144,1005,1,2,1039,1049,1059;                                        1061P   2080
314,61.5686297416687,81.17647171020508,92.9411768913269,10HMixed    1063P   2081
Color;                                                              1063P   2082
110,-0.0464,0.,0.025,-0.0464,0.,-0.975;                             1065P   2083
110,-0.04915,0.,0.025,-0.04915,0.,0.;                               1067P   2084
120,1065,1067,0.,6.28318530717959;                                  1069P   2085
126,1,1,1,0,1,0,3.14159265358979,3.14159265358979,                  1071P   2086
9.42477796076938,9.42477796076938,1.,1.,0.,6.28318530717959,0.,     1071P   2087
0.,0.,0.,3.14159265358979,9.42477796076938,0.,0.,1.;                1071P   2088
126,1,1,1,0,1,0,0.,0.,1.,1.,1.,1.,0.,0.,0.,0.,6.28318530717959,     1073P   2089
0.,0.,1.,0.,0.,1.;                                                  1073P   2090
126,1,1,1,0,1,0,0.,0.,0.025,0.025,1.,1.,0.,6.28318530717959,0.,     1075P   2091
1.,6.28318530717959,0.,0.,0.025,0.,0.,1.;                           1075P   2092
126,1,1,1,0,1,0,0.,0.,1.,1.,1.,1.,1.,6.28318530717959,0.,1.,0.,     1077P   2093
0.,0.,1.,0.,0.,1.;                                                  1077P   2094
126,1,1,1,0,1,0,-9.42477796076938,-9.42477796076938,                1079P   2095
-3.14159265358979,-3.14159265358979,1.,1.,1.,0.,0.,1.,              1079P   2096
6.28318530717959,0.,-9.42477796076938,-3.14159265358979,0.,0.,      1079P   2097
1.;                                                                 1079P   2098
126,1,1,1,0,1,0,0.,0.,1.,1.,1.,1.,1.,6.28318530717959,0.,1.,0.,     1081P   2099
0.,0.,1.,0.,0.,1.;                                                  1081P   2100
126,1,1,1,0,1,0,-0.025,-0.025,0.,0.,1.,1.,1.,0.,0.,0.,0.,0.,        1083P   2101
-0.025,0.,0.,0.,1.;                                                 1083P   2102
126,1,1,1,0,1,0,0.,0.,1.,1.,1.,1.,0.,0.,0.,0.,6.28318530717959,     1085P   2103
0.,0.,1.,0.,0.,1.;                                                  1085P   2104
102,8,1071,1073,1075,1077,1079,1081,1083,1085;                      1087P   2105
124,1.,0.,0.,-0.0464,0.,1.,0.,0.,0.,0.,1.,0.025;                    1089P   2106
100,0.,0.,0.,-0.00275,0.,-0.00275,0.;                               1091P   2107
110,-0.04915,0.,0.025,-0.04915,0.,0.;                               1093P   2108
124,1.,0.,0.,-0.0464,0.,-1.,0.,0.,0.,0.,-1.,0.;                     1095P   2109
100,0.,0.,0.,-0.00275,-0.,-0.00275,-0.;                             1097P   2110
110,-0.04915,0.,0.,-0.04915,0.,0.025;                               1099P   2111
102,4,1091,1093,1097,1099;                                          1101P   2112
142,1,1069,1087,1101,2;                                             1103P   2113
144,1069,1,0,1103;                                                  1105P   2114
314,61.5686297416687,81.17647171020508,92.9411768913269,10HMixed    1107P   2115
Color;                                                              1107P   2116
110,-0.0522539,-0.019228,0.025,0.0496039,-0.019228,0.025;           1109P   2117
122,1109,-0.0522539,0.019228,0.025;                                 1111P   2118
126,64,2,1,0,1,0,3.40788667070798,3.40788667070798,                 1113P   2119
3.40788667070798,3.58759283548745,3.58759283548745,                 1113P   2120
3.76729900026693,3.76729900026693,3.9470051650464,                  1113P   2121
3.9470051650464,4.12671132982588,4.12671132982588,                  1113P   2122
4.30641749460535,4.30641749460535,4.48612365938483,                 1113P   2123
4.48612365938483,4.66582982416431,4.66582982416431,                 1113P   2124
4.84553598894378,4.84553598894378,5.02524215372326,                 1113P   2125
5.02524215372326,5.20494831850273,5.20494831850273,                 1113P   2126
5.38465448328221,5.38465448328221,5.56436064806168,                 1113P   2127
5.56436064806168,5.74406681284116,5.74406681284116,                 1113P   2128
5.92377297762063,5.92377297762063,6.10347914240011,                 1113P   2129
6.10347914240011,6.28318530717959,6.28318530717959,                 1113P   2130
6.46289147195906,6.46289147195906,6.64259763673854,                 1113P   2131
6.64259763673854,6.82230380151801,6.82230380151801,                 1113P   2132
7.00200996629749,7.00200996629749,7.18171613107696,                 1113P   2133
7.18171613107696,7.36142229585644,7.36142229585644,                 1113P   2134
7.54112846063592,7.54112846063592,7.72083462541539,                 1113P   2135
7.72083462541539,7.90054079019487,7.90054079019487,                 1113P   2136
8.08024695497434,8.08024695497434,8.25995311975382,                 1113P   2137
8.25995311975382,8.43965928453329,8.43965928453329,                 1113P   2138
8.61936544931277,8.61936544931277,8.79907161409225,                 1113P   2139
8.79907161409225,8.97877777887172,8.97877777887172,                 1113P   2140
9.1584839436512,9.1584839436512,9.1584839436512,1.,1.,1.,1.,1.,     1113P   2141
1.,1.,1.,1.,1.,1.,1.,1.,1.,1.,1.,1.,1.,1.,1.,1.,1.,1.,1.,1.,1.,     1113P   2142
1.,1.,1.,1.,1.,1.,1.,1.,1.,1.,1.,1.,1.,1.,1.,1.,1.,1.,1.,1.,1.,     1113P   2143
1.,1.,1.,1.,1.,1.,1.,1.,1.,1.,1.,1.,1.,1.,1.,1.,1.,1.,              1113P   2144
0.62757684949191,0.36998127730393,0.,0.63199946993795,              1113P   2145
0.32703658589697,0.,0.63924889523868,0.28687725311693,0.,           1113P   2146
0.64649832053941,0.2467179203369,0.,0.65634106490933,               1113P   2147
0.2106373774518,0.,0.66618380927926,0.17455683456669,0.,            1113P   2148
0.67830286263754,0.14371714526392,0.,0.69042191599583,              1113P   2149
0.11287745596116,0.,0.70442695406497,0.08827188919412,0.,           1113P   2150
0.71843199213411,0.06366632242709,0.,0.73387194780482,              1113P   2151
0.04608736171632,0.,0.74931190347553,0.02850840100554,0.,           1113P   2152
0.76568949454568,0.01852222053442,0.,0.78206708561582,              1113P   2153
0.00853604006329,0.,0.79885483100147,0.00646426962931,0.,           1113P   2154
0.81564257638713,0.00439249919532,0.,0.83229978496376,              1113P   2155
0.01030186532189,0.,0.84895699354039,0.01621123144846,0.,           1113P   2156
0.86494717844631,0.02991140829119,0.,0.88093736335223,              1113P   2157
0.04361158513392,0.,0.89574552088328,0.0646613243981,0.,            1113P   2158
0.91055367841433,0.08571106366228,0.,0.923702875,                   1113P   2159
0.11343240610251,0.,0.93685207158566,0.14115374854273,0.,           1113P   2160
0.9479188046218,0.17465385932782,0.,0.95898553765794,               1113P   2161
0.20815397011291,0.,0.96761337546224,0.24635389479388,0.,           1113P   2162
0.97624121326653,0.28455381947486,0.,0.98215227484797,              1113P   2163
0.32622323439847,0.,0.9880633364294,0.36789264932209,0.,            1113P   2164
0.99106724133723,0.41168948726634,0.,0.99407114624506,              1113P   2165
0.4554863252106,0.,0.99407114624506,0.5,0.,0.99407114624506,        1113P   2166
0.5445136747894,0.,0.99106724133723,0.58831051273366,0.,            1113P   2167
0.9880633364294,0.63210735067791,0.,0.98215227484797,               1113P   2168
0.67377676560153,0.,0.97624121326653,0.71544618052515,0.,           1113P   2169
0.96761337546224,0.75364610520612,0.,0.95898553765794,              1113P   2170
0.79184602988709,0.,0.9479188046218,0.82534614067218,0.,            1113P   2171
0.93685207158566,0.85884625145727,0.,0.923702875,                   1113P   2172
0.88656759389749,0.,0.91055367841433,0.91428893633772,0.,           1113P   2173
0.89574552088328,0.9353386756019,0.,0.88093736335223,               1113P   2174
0.95638841486608,0.,0.86494717844631,0.97008859170881,0.,           1113P   2175
0.84895699354039,0.98378876855154,0.,0.83229978496376,              1113P   2176
0.98969813467811,0.,0.81564257638713,0.99560750080468,0.,           1113P   2177
0.79885483100147,0.99353573037069,0.,0.78206708561582,              1113P   2178
0.99146395993671,0.,0.76568949454568,0.98147777946558,0.,           1113P   2179
0.74931190347553,0.97149159899446,0.,0.73387194780482,              1113P   2180
0.95391263828368,0.,0.71843199213411,0.93633367757291,0.,           1113P   2181
0.70442695406497,0.91172811080588,0.,0.69042191599583,              1113P   2182
0.88712254403884,0.,0.67830286263754,0.85628285473607,0.,           1113P   2183
0.66618380927926,0.82544316543331,0.,0.65634106490933,              1113P   2184
0.7893626225482,0.,0.64649832053941,0.7532820796631,0.,             1113P   2185
0.63924889523868,0.71312274688307,0.,0.63199946993795,              1113P   2186
0.67296341410303,0.,0.62757684949191,0.63001872269607,0.,           1113P   2187
3.40788667070798,9.1584839436512,0.,0.,1.;                          1113P   2188
126,1,1,1,0,1,0,-0.00583484861009,-0.00583484861009,                1115P   2189
0.00583484861009,0.00583484861009,1.,1.,0.62757684949191,           1115P   2190
0.63001872269607,0.,0.51300833122255,0.63001872269607,0.,           1115P   2191
-0.00583484861009,0.00583484861009,0.,0.,1.;                        1115P   2192
126,1,1,1,0,1,0,-0.0025,-0.0025,0.0025,0.0025,1.,1.,                1117P   2193
0.51300833122255,0.63001872269607,0.,0.51300833122255,0.5,0.,       1117P   2194
-0.0025,0.0025,0.,0.,1.;                                            1117P   2195
126,1,1,1,0,1,0,-0.008175,-0.008175,0.010675,0.010675,1.,1.,        1119P   2196
0.51300833122255,0.5,0.,0.32794641156593,0.5,0.,-0.008175,          1119P   2197
0.010675,0.,0.,1.;                                                  1119P   2198
126,32,2,1,0,1,0,-6.28318530717959,-6.28318530717959,               1121P   2199
-6.28318530717959,-6.08683576633022,-6.08683576633022,              1121P   2200
-5.89048622548086,-5.89048622548086,-5.6941366846315,               1121P   2201
-5.6941366846315,-5.49778714378214,-5.49778714378214,               1121P   2202
-5.30143760293278,-5.30143760293278,-5.10508806208341,              1121P   2203
-5.10508806208341,-4.90873852123405,-4.90873852123405,              1121P   2204
-4.71238898038469,-4.71238898038469,-4.51603943953533,              1121P   2205
-4.51603943953533,-4.31968989868597,-4.31968989868597,              1121P   2206
-4.1233403578366,-4.1233403578366,-3.92699081698724,                1121P   2207
-3.92699081698724,-3.73064127613788,-3.73064127613788,              1121P   2208
-3.53429173528852,-3.53429173528852,-3.33794219443916,              1121P   2209
-3.33794219443916,-3.14159265358979,-3.14159265358979,              1121P   2210
-3.14159265358979,1.,1.,1.,1.,1.,1.,1.,1.,1.,1.,1.,1.,1.,1.,1.,     1121P   2211
1.,1.,1.,1.,1.,1.,1.,1.,1.,1.,1.,1.,1.,1.,1.,1.,1.,1.,              1121P   2212
0.32794641156593,0.5,0.,0.32794641156593,0.47144322999188,0.,       1121P   2213
0.3258430466444,0.44343517031205,0.,0.32373968172287,               1121P   2214
0.41542711063222,0.,0.31961378301417,0.38904409530708,0.,           1121P   2215
0.31548788430547,0.36266107998195,0.,0.30949800778314,              1121P   2216
0.33891699349468,0.,0.30350813126081,0.31517290700741,0.,           1121P   2217
0.29588446452044,0.29498022128589,0.,0.28826079778007,              1121P   2218
0.27478753556436,0.,0.2792963140591,0.25892224419666,0.,            1121P   2219
0.27033183033812,0.24305695282896,0.,0.2603710297186,               1121P   2220
0.23212875006499,0.,0.25041022909907,0.22120054730102,0.,           1121P   2221
0.23983589956272,0.21562939784439,0.,0.22926157002637,              1121P   2222
0.21005824838777,0.,0.21848007712713,0.21005824838777,0.,           1121P   2223
0.20769858422789,0.21005824838777,0.,0.19712425469154,              1121P   2224
0.21562939784439,0.,0.18654992515519,0.22120054730102,0.,           1121P   2225
0.17658912453567,0.23212875006499,0.,0.16662832391614,              1121P   2226
0.24305695282896,0.,0.15766384019517,0.25892224419666,0.,           1121P   2227
0.14869935647419,0.27478753556436,0.,0.14107568973382,              1121P   2228
0.29498022128589,0.,0.13345202299346,0.31517290700741,0.,           1121P   2229
0.12746214647113,0.33891699349468,0.,0.12147226994879,              1121P   2230
0.36266107998195,0.,0.11734637124009,0.38904409530708,0.,           1121P   2231
0.11322047253139,0.41542711063222,0.,0.11111710760986,              1121P   2232
0.44343517031205,0.,0.10901374268834,0.47144322999188,0.,           1121P   2233
0.10901374268834,0.5,0.,-6.28318530717959,-3.14159265358979,0.,     1121P   2234
0.,1.;                                                              1121P   2235
126,32,2,1,0,1,0,0.,0.,0.,0.19634954084936,0.19634954084936,        1123P   2236
0.39269908169873,0.39269908169873,0.58904862254809,                 1123P   2237
0.58904862254809,0.78539816339745,0.78539816339745,                 1123P   2238
0.98174770424681,0.98174770424681,1.17809724509617,                 1123P   2239
1.17809724509617,1.37444678594554,1.37444678594554,                 1123P   2240
1.5707963267949,1.5707963267949,1.76714586764426,                   1123P   2241
1.76714586764426,1.96349540849362,1.96349540849362,                 1123P   2242
2.15984494934298,2.15984494934298,2.35619449019234,                 1123P   2243
2.35619449019234,2.55254403104171,2.55254403104171,                 1123P   2244
2.74889357189107,2.74889357189107,2.94524311274043,                 1123P   2245
2.94524311274043,3.14159265358979,3.14159265358979,                 1123P   2246
3.14159265358979,1.,1.,1.,1.,1.,1.,1.,1.,1.,1.,1.,1.,1.,1.,1.,      1123P   2247
1.,1.,1.,1.,1.,1.,1.,1.,1.,1.,1.,1.,1.,1.,1.,1.,1.,1.,              1123P   2248
0.10901374268834,0.5,0.,0.10901374268834,0.51344601278409,0.,       1123P   2249
0.10802336907058,0.52663366420285,0.,0.10703299545282,              1123P   2250
0.5398213156216,0.,0.10509030772002,0.55224381162671,0.,            1123P   2251
0.10314761998722,0.56466630763182,0.,0.10032727453949,              1123P   2252
0.57584625866842,0.,0.09750692909175,0.58702620970503,0.,           1123P   2253
0.09391731022297,0.59653397652458,0.,0.09032769135419,              1123P   2254
0.60604174334414,0.,0.0861067461044,0.61351194779978,0.,            1123P   2255
0.08188580085461,0.62098215225542,0.,0.07719573778264,              1123P   2256
0.62612771857927,0.,0.07250567471067,0.63127328490311,0.,           1123P   2257
0.06752673031014,0.63389647186699,0.,0.06254778590962,              1123P   2258
0.63651965883087,0.,0.05747129822164,0.63651965883087,0.,           1123P   2259
0.05239481053365,0.63651965883087,0.,0.04741586613313,              1123P   2260
0.63389647186699,0.,0.04243692173261,0.63127328490311,0.,           1123P   2261
0.03774685866064,0.62612771857927,0.,0.03305679558866,              1123P   2262
0.62098215225542,0.,0.02883585033888,0.61351194779978,0.,           1123P   2263
0.02461490508909,0.60604174334414,0.,0.02102528622031,              1123P   2264
0.59653397652458,0.,0.01743566735152,0.58702620970503,0.,           1123P   2265
0.01461532190379,0.57584625866842,0.,0.01179497645605,              1123P   2266
0.56466630763182,0.,0.00985228872326,0.55224381162671,0.,           1123P   2267
0.00790960099046,0.5398213156216,0.,0.0069192273727,                1123P   2268
0.52663366420285,0.,0.00592885375494,0.51344601278409,0.,           1123P   2269
0.00592885375494,0.5,0.,0.,3.14159265358979,0.,0.,1.;               1123P   2270
126,16,2,1,0,1,0,3.14159265358979,3.14159265358979,                 1125P   2271
3.14159265358979,3.42474692006264,3.42474692006264,                 1125P   2272
3.70790118653549,3.70790118653549,3.99105545300834,                 1125P   2273
3.99105545300834,4.27420971948118,4.27420971948118,                 1125P   2274
4.55736398595403,4.55736398595403,4.84051825242688,                 1125P   2275
4.84051825242688,5.12367251889973,5.12367251889973,                 1125P   2276
5.40682678537257,5.40682678537257,5.40682678537257,1.,1.,1.,1.,     1125P   2277
1.,1.,1.,1.,1.,1.,1.,1.,1.,1.,1.,1.,1.,0.00592885375494,0.5,0.,     1125P   2278
0.00592885375494,0.48054175645421,0.,0.00798132752649,              1125P   2279
0.46185836041385,0.,0.01003380129804,0.44317496437348,0.,           1125P   2280
0.01397528555854,0.42675440038148,0.,0.01791676981904,              1125P   2281
0.41033383638949,0.,0.0234333565593,0.39748387233528,0.,            1125P   2282
0.02894994329956,0.38463390828107,0.,0.03560228007093,              1125P   2283
0.37637794204418,0.,0.0422546168423,0.36812197580729,0.,            1125P   2284
0.04951289770003,0.36511752972045,0.,0.05677117855776,              1125P   2285
0.3621130836336,0.,0.06405733890902,0.36459943803576,0.,            1125P   2286
0.07134349926028,0.36708579243791,0.,0.07807725413136,              1125P   2287
0.37486492889008,0.,0.08481100900243,0.38264406534226,0.,           1125P   2288
0.09045606814167,0.39509643722812,0.,3.14159265358979,              1125P   2289
5.40682678537257,0.,0.,1.;                                          1125P   2290
126,32,2,1,0,1,0,3.44161723808464,3.44161723808464,                 1127P   2291
3.44161723808464,3.59577587263211,3.59577587263211,                 1127P   2292
3.74993450717957,3.74993450717957,3.90409314172703,                 1127P   2293
3.90409314172703,4.0582517762745,4.0582517762745,                   1127P   2294
4.21241041082196,4.21241041082196,4.36656904536942,                 1127P   2295
4.36656904536942,4.52072767991689,4.52072767991689,                 1127P   2296
4.67488631446435,4.67488631446435,4.82904494901181,                 1127P   2297
4.82904494901181,4.98320358355928,4.98320358355928,                 1127P   2298
5.13736221810674,5.13736221810674,5.29152085265421,                 1127P   2299
5.29152085265421,5.44567948720167,5.44567948720167,                 1127P   2300
5.59983812174913,5.59983812174913,5.7539967562966,                  1127P   2301
5.7539967562966,5.90815539084406,5.90815539084406,                  1127P   2302
5.90815539084406,1.,1.,1.,1.,1.,1.,1.,1.,1.,1.,1.,1.,1.,1.,1.,      1127P   2303
1.,1.,1.,1.,1.,1.,1.,1.,1.,1.,1.,1.,1.,1.,1.,1.,1.,1.,              1127P   2304
0.09045606814167,0.39509643722812,0.,0.09351492524386,              1127P   2305
0.36890732729127,0.,0.09805573519265,0.34427283603461,0.,           1127P   2306
0.10259654514145,0.31963834477795,0.,0.10851160965252,              1127P   2307
0.29714274956029,0.,0.11442667416359,0.27464715434262,0.,           1127P   2308
0.12157570057842,0.25482400249081,0.,0.12872472699326,              1127P   2309
0.23500085063901,0.,0.13693815572045,0.21832030484838,0.,           1127P   2310
0.14515158444764,0.20163975905775,0.,0.1542346105532,               1127P   2311
0.18849744614018,0.,0.16331763665875,0.17535513322261,0.,           1127P   2312
0.17305483022176,0.16606276068608,0.,0.18279202378477,              1127P   2313
0.15677038814954,0.,0.19295243943365,0.15154835116382,0.,           1127P   2314
0.20311285508253,0.1463263141781,0.,0.21345550952446,               1127P   2315
0.14529846827346,0.,0.2237981639664,0.14427062236881,0.,            1127P   2316
0.23407775159481,0.14746134584819,0.,0.24435733922323,              1127P   2317
0.15065206932756,0.,0.25433005024127,0.15798568506542,0.,           1127P   2318
0.2643027612593,0.16531930080327,0.,0.27373206432588,               1127P   2319
0.17662187114492,0.,0.28316136739245,0.18792444148656,0.,           1127P   2320
0.29182361963896,0.20292789367668,0.,0.30048587188548,              1127P   2321
0.21793134586679,0.,0.30817562324555,0.23627983016092,0.,           1127P   2322
0.31586537460562,0.25462831445505,0.,0.32240024065054,              1127P   2323
0.27588664411319,0.,0.32893510669545,0.29714497377133,0.,           1127P   2324
0.33416009440209,0.32080894675514,0.,0.33938508210874,              1127P   2325
0.34447291973895,0.,0.34317626596205,0.36998127730393,0.,           1127P   2326
3.44161723808464,5.90815539084406,0.,0.,1.;                         1127P   2327
126,1,1,1,0,1,0,-0.01448420887853,-0.01448420887853,                1129P   2328
0.01448420887853,0.01448420887853,1.,1.,0.34317626596205,           1129P   2329
0.36998127730393,0.,0.62757684949191,0.36998127730393,0.,           1129P   2330
-0.01448420887853,0.01448420887853,0.,0.,1.;                        1129P   2331
102,9,1113,1115,1117,1119,1121,1123,1125,1127,1129;                 1131P   2332
124,1.,0.,0.,0.03,0.,1.,0.,-0.,0.,0.,1.,0.025;                      1133P   2333
100,0.,0.,0.,-0.01833030277982,-0.005,-0.01833030277982,0.005;      1135P   2334
110,0.01166969722018,0.005,0.025,0.,0.005,0.025;                    1137P   2335
110,0.,0.005,0.025,0.,0.,0.025;                                     1139P   2336
110,0.,0.,0.025,-0.01885,0.,0.025;                                  1141P   2337
124,1.,0.,0.,-0.03,0.,-1.,0.,0.,0.,0.,-1.,0.025;                    1143P   2338
100,0.,0.,0.,0.01115,0.,-0.01115,-0.;                               1145P   2339
124,1.,0.,0.,-0.0464,0.,1.,0.,-0.,0.,0.,1.,0.025;                   1147P   2340
100,0.,0.,0.,0.00525,0.,-0.00525,0.;                                1149P   2341
124,1.,0.,0.,-0.0464,0.,1.,0.,-0.,0.,0.,1.,0.025;                   1151P   2342
100,0.,0.,0.,-0.00525,0.,0.00335975609756,-0.00403417140996;        1153P   2343
124,1.,0.,0.,-0.03,0.,1.,0.,-0.,0.,0.,1.,0.025;                     1155P   2344
100,0.,0.,0.,-0.01304024390244,-0.00403417140996,                   1157P   2345
0.01270127946311,-0.005;                                            1157P   2346
110,-0.01729872053689,-0.005,0.025,0.01166969722018,-0.005,         1159P   2347
0.025;                                                              1159P   2348
102,9,1135,1137,1139,1141,1145,1149,1153,1157,1159;                 1161P   2349
142,1,1111,1131,1161,2;                                             1163P   2350
126,64,2,1,1,1,1,-9.42477796076938,-9.42477796076938,               1165P   2351
-9.42477796076938,-9.22842841992002,-9.22842841992002,              1165P   2352
-9.03207887907065,-9.03207887907065,-8.83572933822129,              1165P   2353
-8.83572933822129,-8.63937979737193,-8.63937979737193,              1165P   2354
-8.44303025652257,-8.44303025652257,-8.24668071567321,              1165P   2355
-8.24668071567321,-8.05033117482384,-8.05033117482384,              1165P   2356
-7.85398163397448,-7.85398163397448,-7.65763209312512,              1165P   2357
-7.65763209312512,-7.46128255227576,-7.46128255227576,              1165P   2358
-7.2649330114264,-7.2649330114264,-7.06858347057703,                1165P   2359
-7.06858347057703,-6.87223392972767,-6.87223392972767,              1165P   2360
-6.67588438887831,-6.67588438887831,-6.47953484802895,              1165P   2361
-6.47953484802895,-6.28318530717959,-6.28318530717959,              1165P   2362
-6.08683576633022,-6.08683576633022,-5.89048622548086,              1165P   2363
-5.89048622548086,-5.6941366846315,-5.6941366846315,                1165P   2364
-5.49778714378214,-5.49778714378214,-5.30143760293278,              1165P   2365
-5.30143760293278,-5.10508806208341,-5.10508806208341,              1165P   2366
-4.90873852123405,-4.90873852123405,-4.71238898038469,              1165P   2367
-4.71238898038469,-4.51603943953533,-4.51603943953533,              1165P   2368
-4.31968989868597,-4.31968989868597,-4.1233403578366,               1165P   2369
-4.1233403578366,-3.92699081698724,-3.92699081698724,               1165P   2370
-3.73064127613788,-3.73064127613788,-3.53429173528852,              1165P   2371
-3.53429173528852,-3.33794219443916,-3.33794219443916,              1165P   2372
-3.14159265358979,-3.14159265358979,-3.14159265358979,1.,1.,1.,     1165P   2373
1.,1.,1.,1.,1.,1.,1.,1.,1.,1.,1.,1.,1.,1.,1.,1.,1.,1.,1.,1.,1.,     1165P   2374
1.,1.,1.,1.,1.,1.,1.,1.,1.,1.,1.,1.,1.,1.,1.,1.,1.,1.,1.,1.,1.,     1165P   2375
1.,1.,1.,1.,1.,1.,1.,1.,1.,1.,1.,1.,1.,1.,1.,1.,1.,1.,1.,1.,        1165P   2376
0.64554604556548,0.5,0.,0.64554604556548,0.54225889732144,0.,       1165P   2377
0.64865864836416,0.58370580178038,0.,0.65177125116283,              1165P   2378
0.62515270623931,0.,0.65787684118019,0.66419483654109,0.,           1165P   2379
0.66398243119755,0.70323696684286,0.,0.67284637403329,              1165P   2380
0.73837395581505,0.,0.68171031686903,0.77351094478724,0.,           1165P   2381
0.69299197617092,0.80339249764869,0.,0.70427363547281,              1165P   2382
0.83327405051015,0.,0.71753946340071,0.85675183594217,0.,           1165P   2383
0.73080529132861,0.88022962137419,0.,0.74554548955481,              1165P   2384
0.89640140124912,0.,0.76028568778101,0.91257318112405,0.,           1165P   2385
0.77593379875409,0.92081748301054,0.,0.79158190972716,              1165P   2386
0.92906178489703,0.,0.80753658531796,0.92906178489703,0.,           1165P   2387
0.82349126090877,0.92906178489703,0.,0.83913937188184,              1165P   2388
0.92081748301054,0.,0.85478748285491,0.91257318112405,0.,           1165P   2389
0.86952768108111,0.89640140124912,0.,0.88426787930732,              1165P   2390
0.88022962137419,0.,0.89753370723522,0.85675183594217,0.,           1165P   2391
0.91079953516312,0.83327405051015,0.,0.92208119446501,              1165P   2392
0.80339249764869,0.,0.9333628537669,0.77351094478724,0.,            1165P   2393
0.94222679660264,0.73837395581505,0.,0.95109073943837,              1165P   2394
0.70323696684286,0.,0.95719632945573,0.66419483654109,0.,           1165P   2395
0.96330191947309,0.62515270623931,0.,0.96641452227177,              1165P   2396
0.58370580178038,0.,0.96952712507044,0.54225889732144,0.,           1165P   2397
0.96952712507044,0.5,0.,0.96952712507044,0.45774110267856,0.,       1165P   2398
0.96641452227177,0.41629419821962,0.,0.96330191947309,              1165P   2399
0.37484729376069,0.,0.95719632945573,0.33580516345891,0.,           1165P   2400
0.95109073943837,0.29676303315714,0.,0.94222679660264,              1165P   2401
0.26162604418495,0.,0.9333628537669,0.22648905521276,0.,            1165P   2402
0.92208119446501,0.19660750235131,0.,0.91079953516312,              1165P   2403
0.16672594948985,0.,0.89753370723522,0.14324816405783,0.,           1165P   2404
0.88426787930732,0.11977037862581,0.,0.86952768108111,              1165P   2405
0.10359859875088,0.,0.85478748285491,0.08742681887595,0.,           1165P   2406
0.83913937188184,0.07918251698946,0.,0.82349126090877,              1165P   2407
0.07093821510297,0.,0.80753658531796,0.07093821510297,0.,           1165P   2408
0.79158190972716,0.07093821510297,0.,0.77593379875409,              1165P   2409
0.07918251698946,0.,0.76028568778101,0.08742681887595,0.,           1165P   2410
0.74554548955481,0.10359859875088,0.,0.73080529132861,              1165P   2411
0.11977037862581,0.,0.71753946340071,0.14324816405783,0.,           1165P   2412
0.70427363547281,0.16672594948986,0.,0.69299197617092,              1165P   2413
0.19660750235131,0.,0.68171031686903,0.22648905521276,0.,           1165P   2414
0.67284637403329,0.26162604418495,0.,0.66398243119755,              1165P   2415
0.29676303315714,0.,0.65787684118019,0.33580516345891,0.,           1165P   2416
0.65177125116283,0.37484729376069,0.,0.64865864836416,              1165P   2417
0.41629419821962,0.,0.64554604556548,0.45774110267856,0.,           1165P   2418
0.64554604556548,0.5,0.,-9.42477796076938,-3.14159265358979,0.,     1165P   2419
0.,1.;                                                              1165P   2420
102,1,1165;                                                         1167P   2421
124,1.,0.,0.,0.03,0.,-1.,0.,0.,0.,0.,-1.,0.025;                     1169P   2422
100,0.,0.,0.,-0.0165,-0.,-0.0165,-0.;                               1171P   2423
102,1,1171;                                                         1173P   2424
142,1,1111,1167,1173,2;                                             1175P   2425
126,32,2,1,1,1,1,-9.42477796076938,-9.42477796076938,               1177P   2426
-9.42477796076938,-9.03207887907065,-9.03207887907065,              1177P   2427
-8.63937979737193,-8.63937979737193,-8.24668071567321,              1177P   2428
-8.24668071567321,-7.85398163397448,-7.85398163397448,              1177P   2429
-7.46128255227576,-7.46128255227576,-7.06858347057703,              1177P   2430
-7.06858347057703,-6.67588438887831,-6.67588438887831,              1177P   2431
-6.28318530717959,-6.28318530717959,-5.89048622548086,              1177P   2432
-5.89048622548086,-5.49778714378214,-5.49778714378214,              1177P   2433
-5.10508806208341,-5.10508806208341,-4.71238898038469,              1177P   2434
-4.71238898038469,-4.31968989868597,-4.31968989868597,              1177P   2435
-3.92699081698724,-3.92699081698724,-3.53429173528852,              1177P   2436
-3.53429173528852,-3.14159265358979,-3.14159265358979,              1177P   2437
-3.14159265358979,1.,1.,1.,1.,1.,1.,1.,1.,1.,1.,1.,1.,1.,1.,1.,     1177P   2438
1.,1.,1.,1.,1.,1.,1.,1.,1.,1.,1.,1.,1.,1.,1.,1.,1.,1.,              1177P   2439
0.03047287492956,0.5,0.,0.03047287492956,0.51422428256433,0.,       1177P   2440
0.03252800753201,0.52736580609018,0.,0.03458314013446,              1177P   2441
0.54050732961603,0.,0.03838053003046,0.55056541627478,0.,           1177P   2442
0.04217791992647,0.56062350293354,0.,0.04713944892778,              1177P   2443
0.56606690020819,0.,0.05210097792909,0.57151029748284,0.,           1177P   2444
0.05747129822164,0.57151029748284,0.,0.06284161851418,              1177P   2445
0.57151029748284,0.,0.0678031475155,0.56606690020819,0.,            1177P   2446
0.07276467651681,0.56062350293354,0.,0.07656206641281,              1177P   2447
0.55056541627478,0.,0.08035945630882,0.54050732961603,0.,           1177P   2448
0.08241458891127,0.52736580609018,0.,0.08446972151372,              1177P   2449
0.51422428256433,0.,0.08446972151372,0.5,0.,0.08446972151372,       1177P   2450
0.48577571743567,0.,0.08241458891127,0.47263419390982,0.,           1177P   2451
0.08035945630882,0.45949267038397,0.,0.07656206641281,              1177P   2452
0.44943458372522,0.,0.07276467651681,0.43937649706646,0.,           1177P   2453
0.0678031475155,0.43393309979181,0.,0.06284161851418,               1177P   2454
0.42848970251716,0.,0.05747129822164,0.42848970251716,0.,           1177P   2455
0.05210097792909,0.42848970251716,0.,0.04713944892778,              1177P   2456
0.43393309979181,0.,0.04217791992647,0.43937649706646,0.,           1177P   2457
0.03838053003046,0.44943458372522,0.,0.03458314013446,              1177P   2458
0.45949267038397,0.,0.03252800753201,0.47263419390982,0.,           1177P   2459
0.03047287492956,0.48577571743567,0.,0.03047287492956,0.5,0.,       1177P   2460
-9.42477796076938,-3.14159265358979,0.,0.,1.;                       1177P   2461
102,1,1177;                                                         1179P   2462
124,1.,0.,0.,-0.0464,0.,-1.,0.,0.,0.,0.,-1.,0.025;                  1181P   2463
100,0.,0.,0.,-0.00275,-0.,-0.00275,-0.;                             1183P   2464
102,1,1183;                                                         1185P   2465
142,1,1111,1179,1185,2;                                             1187P   2466
144,1111,1,2,1163,1175,1187;                                        1189P   2467
314,61.5686297416687,81.17647171020508,92.9411768913269,10HMixed    1191P   2468
Color;                                                              1191P   2469
110,-0.0464,0.,-0.025,-0.0464,0.,0.975;                             1193P   2470
110,-0.04115,0.,-0.025,-0.04115,0.,0.;                              1195P   2471
120,1193,1195,0.,6.28318530717959;                                  1197P   2472
126,1,1,1,0,1,0,5.40682678537257,5.40682678537257,                  1199P   2473
6.28318530717959,6.28318530717959,1.,1.,1.,5.40682678537257,0.,     1199P   2474
1.,6.28318530717959,0.,5.40682678537257,6.28318530717959,0.,0.,     1199P   2475
1.;                                                                 1199P   2476
126,1,1,1,0,1,0,-0.025,-0.025,0.,0.,1.,1.,1.,6.28318530717959,      1201P   2477
0.,0.,6.28318530717959,0.,-0.025,0.,0.,0.,1.;                       1201P   2478
126,1,1,1,0,1,0,-6.28318530717959,-6.28318530717959,                1203P   2479
-5.40682678537257,-5.40682678537257,1.,1.,0.,6.28318530717959,      1203P   2480
0.,0.,5.40682678537257,0.,-6.28318530717959,-5.40682678537257,      1203P   2481
0.,0.,1.;                                                           1203P   2482
126,1,1,1,0,1,0,0.,0.,0.025,0.025,1.,1.,0.,5.40682678537257,0.,     1205P   2483
1.,5.40682678537257,0.,0.,0.025,0.,0.,1.;                           1205P   2484
102,4,1199,1201,1203,1205;                                          1207P   2485
124,1.,0.,0.,-0.0464,0.,1.,0.,0.,0.,0.,1.,0.;                       1209P   2486
100,0.,0.,0.,0.00335975609756,-0.00403417140996,0.00525,-0.;        1211P   2487
110,-0.04115,0.,0.,-0.04115,0.,-0.025;                              1213P   2488
124,1.,0.,0.,-0.0464,0.,-1.,0.,0.,0.,0.,-1.,-0.025;                 1215P   2489
100,0.,0.,0.,0.00525,0.,0.00335975609756,0.00403417140996;          1217P   2490
110,-0.04304024390244,-0.00403417140996,-0.025,                     1219P   2491
-0.04304024390244,-0.00403417140996,0.;                             1219P   2492
102,4,1211,1213,1217,1219;                                          1221P   2493
142,1,1197,1207,1221,2;                                             1223P   2494
144,1197,1,0,1223;                                                  1225P   2495
314,61.5686297416687,81.17647171020508,92.9411768913269,10HMixed    1227P   2496
Color;                                                              1227P   2497
110,0.04955224146341,-0.019228,-0.025,-0.04359248536585,            1229P   2498
-0.019228,-0.025;                                                   1229P   2499
122,1229,0.04955224146341,0.019228,-0.025;                          1231P   2500
126,1,1,1,0,1,0,-0.00583484861009,-0.00583484861009,                1233P   2501
0.00583484861009,0.00583484861009,1.,1.,0.53199191355451,           1233P   2502
0.63001872269607,0.,0.40670626811409,0.63001872269607,0.,           1233P   2503
-0.00583484861009,0.00583484861009,0.,0.,1.;                        1233P   2504
126,64,2,1,0,1,0,-9.1584839436512,-9.1584839436512,                 1235P   2505
-9.1584839436512,-8.97877777887172,-8.97877777887172,               1235P   2506
-8.79907161409225,-8.79907161409225,-8.61936544931277,              1235P   2507
-8.61936544931277,-8.43965928453329,-8.43965928453329,              1235P   2508
-8.25995311975382,-8.25995311975382,-8.08024695497434,              1235P   2509
-8.08024695497434,-7.90054079019487,-7.90054079019487,              1235P   2510
-7.72083462541539,-7.72083462541539,-7.54112846063592,              1235P   2511
-7.54112846063592,-7.36142229585644,-7.36142229585644,              1235P   2512
-7.18171613107696,-7.18171613107696,-7.00200996629749,              1235P   2513
-7.00200996629749,-6.82230380151801,-6.82230380151801,              1235P   2514
-6.64259763673854,-6.64259763673854,-6.46289147195906,              1235P   2515
-6.46289147195906,-6.28318530717959,-6.28318530717959,              1235P   2516
-6.10347914240011,-6.10347914240011,-5.92377297762063,              1235P   2517
-5.92377297762063,-5.74406681284116,-5.74406681284116,              1235P   2518
-5.56436064806168,-5.56436064806168,-5.38465448328221,              1235P   2519
-5.38465448328221,-5.20494831850273,-5.20494831850273,              1235P   2520
-5.02524215372326,-5.02524215372326,-4.84553598894378,              1235P   2521
-4.84553598894378,-4.66582982416431,-4.66582982416431,              1235P   2522
-4.48612365938483,-4.48612365938483,-4.30641749460535,              1235P   2523
-4.30641749460535,-4.12671132982588,-4.12671132982588,              1235P   2524
-3.9470051650464,-3.9470051650464,-3.76729900026693,                1235P   2525
-3.76729900026693,-3.58759283548745,-3.58759283548745,              1235P   2526
-3.40788667070798,-3.40788667070798,-3.40788667070798,1.,1.,1.,     1235P   2527
1.,1.,1.,1.,1.,1.,1.,1.,1.,1.,1.,1.,1.,1.,1.,1.,1.,1.,1.,1.,1.,     1235P   2528
1.,1.,1.,1.,1.,1.,1.,1.,1.,1.,1.,1.,1.,1.,1.,1.,1.,1.,1.,1.,1.,     1235P   2529
1.,1.,1.,1.,1.,1.,1.,1.,1.,1.,1.,1.,1.,1.,1.,1.,1.,1.,1.,1.,        1235P   2530
0.40670626811409,0.63001872269607,0.,0.40186994077487,              1235P   2531
0.67296341410303,0.,0.39394237968222,0.71312274688307,0.,           1235P   2532
0.38601481858958,0.7532820796631,0.,0.37525135058005,               1235P   2533
0.7893626225482,0.,0.36448788257052,0.82544316543331,0.,            1235P   2534
0.35123517192143,0.85628285473607,0.,0.33798246127233,              1235P   2535
0.88712254403884,0.,0.32266734451587,0.91172811080588,0.,           1235P   2536
0.3073522277594,0.93633367757291,0.,0.29046796634975,               1235P   2537
0.95391263828368,0.,0.2735837049401,0.97149159899446,0.,            1235P   2538
0.25567409854056,0.98147777946558,0.,0.23776449214102,              1235P   2539
0.99146395993671,0.,0.21940636420237,0.99353573037069,0.,           1235P   2540
0.20104823626372,0.99560750080468,0.,0.18283285598925,              1235P   2541
0.98969813467811,0.,0.16461747571478,0.98378876855154,0.,           1235P   2542
0.14713151476397,0.97008859170881,0.,0.12964555381316,              1235P   2543
0.95638841486608,0.,0.11345219108066,0.9353386756019,0.,            1235P   2544
0.09725882834815,0.91428893633772,0.,0.08287961138573,              1235P   2545
0.88656759389749,0.,0.06850039442331,0.85884625145727,0.,           1235P   2546
0.05639844170285,0.82534614067218,0.,0.04429648898238,              1235P   2547
0.79184602988709,0.,0.03486157401276,0.75364610520612,0.,           1235P   2548
0.02542665904315,0.71544618052515,0.,0.0189626567443,               1235P   2549
0.67377676560153,0.,0.01249865444546,0.63210735067791,0.,           1235P   2550
0.0092137541002,0.58831051273366,0.,0.00592885375494,               1235P   2551
0.5445136747894,0.,0.00592885375494,0.5,0.,0.00592885375494,        1235P   2552
0.4554863252106,0.,0.0092137541002,0.41168948726634,0.,             1235P   2553
0.01249865444546,0.36789264932209,0.,0.0189626567443,               1235P   2554
0.32622323439847,0.,0.02542665904315,0.28455381947486,0.,           1235P   2555
0.03486157401276,0.24635389479388,0.,0.04429648898238,              1235P   2556
0.20815397011291,0.,0.05639844170285,0.17465385932782,0.,           1235P   2557
0.06850039442331,0.14115374854273,0.,0.08287961138573,              1235P   2558
0.11343240610251,0.,0.09725882834815,0.08571106366228,0.,           1235P   2559
0.11345219108066,0.0646613243981,0.,0.12964555381316,               1235P   2560
0.04361158513392,0.,0.14713151476397,0.02991140829119,0.,           1235P   2561
0.16461747571478,0.01621123144846,0.,0.18283285598925,              1235P   2562
0.01030186532189,0.,0.20104823626372,0.00439249919532,0.,           1235P   2563
0.21940636420237,0.00646426962931,0.,0.23776449214102,              1235P   2564
0.00853604006329,0.,0.25567409854056,0.01852222053442,0.,           1235P   2565
0.2735837049401,0.02850840100554,0.,0.29046796634975,               1235P   2566
0.04608736171632,0.,0.3073522277594,0.06366632242709,0.,            1235P   2567
0.32266734451587,0.08827188919412,0.,0.33798246127233,              1235P   2568
0.11287745596116,0.,0.35123517192143,0.14371714526392,0.,           1235P   2569
0.36448788257052,0.17455683456669,0.,0.37525135058005,              1235P   2570
0.2106373774518,0.,0.38601481858958,0.2467179203369,0.,             1235P   2571
0.39394237968222,0.28687725311693,0.,0.40186994077487,              1235P   2572
0.32703658589697,0.,0.40670626811409,0.36998127730393,0.,           1235P   2573
-9.1584839436512,-3.40788667070798,0.,0.,1.;                        1235P   2574
126,1,1,1,0,1,0,-0.01448420887853,-0.01448420887853,                1237P   2575
0.01448420887853,0.01448420887853,1.,1.,0.40670626811409,           1237P   2576
0.36998127730393,0.,0.71771064531481,0.36998127730393,0.,           1237P   2577
-0.01448420887853,0.01448420887853,0.,0.,1.;                        1237P   2578
126,32,2,1,0,1,0,-5.90815539084406,-5.90815539084406,               1239P   2579
-5.90815539084406,-5.7539967562966,-5.7539967562966,                1239P   2580
-5.59983812174913,-5.59983812174913,-5.44567948720167,              1239P   2581
-5.44567948720167,-5.29152085265421,-5.29152085265421,              1239P   2582
-5.13736221810674,-5.13736221810674,-4.98320358355928,              1239P   2583
-4.98320358355928,-4.82904494901181,-4.82904494901181,              1239P   2584
-4.67488631446435,-4.67488631446435,-4.52072767991689,              1239P   2585
-4.52072767991689,-4.36656904536942,-4.36656904536942,              1239P   2586
-4.21241041082196,-4.21241041082196,-4.0582517762745,               1239P   2587
-4.0582517762745,-3.90409314172703,-3.90409314172703,               1239P   2588
-3.74993450717957,-3.74993450717957,-3.59577587263211,              1239P   2589
-3.59577587263211,-3.44161723808464,-3.44161723808464,              1239P   2590
-3.44161723808464,1.,1.,1.,1.,1.,1.,1.,1.,1.,1.,1.,1.,1.,1.,1.,     1239P   2591
1.,1.,1.,1.,1.,1.,1.,1.,1.,1.,1.,1.,1.,1.,1.,1.,1.,1.,              1239P   2592
0.71771064531481,0.36998127730393,0.,0.72185646934413,              1239P   2593
0.34447291973895,0.,0.72757022009463,0.32080894675514,0.,           1239P   2594
0.73328397084513,0.29714497377133,0.,0.7404301303894,               1239P   2595
0.27588664411319,0.,0.74757628993368,0.25462831445505,0.,           1239P   2596
0.75598536667636,0.23627983016092,0.,0.76439444341905,              1239P   2597
0.21793134586679,0.,0.77386699207435,0.20292789367668,0.,           1239P   2598
0.78333954072965,0.18792444148656,0.,0.79365089273624,              1239P   2599
0.17662187114492,0.,0.80396224474284,0.16531930080327,0.,           1239P   2600
0.81486783692085,0.15798568506542,0.,0.82577342909887,              1239P   2601
0.15065206932756,0.,0.83701460416461,0.14746134584819,0.,           1239P   2602
0.84825577923034,0.14427062236881,0.,0.8595659205929,               1239P   2603
0.14529846827346,0.,0.87087606195545,0.1463263141781,0.,            1239P   2604
0.88198691729112,0.15154835116382,0.,0.89309777262679,              1239P   2605
0.15677038814954,0.,0.90374581624948,0.16606276068608,0.,           1239P   2606
0.91439385987218,0.17535513322261,0.,0.9243265429982,               1239P   2607
0.18849744614018,0.,0.93425922612421,0.20163975905775,0.,           1239P   2608
0.94324096678831,0.21832030484838,0.,0.95222270745241,              1239P   2609
0.23500085063901,0.,0.96004047800738,0.25482400249081,0.,           1239P   2610
0.96785824856235,0.27464715434262,0.,0.97432662823843,              1239P   2611
0.29714274956029,0.,0.9807950079145,0.31963834477795,0.,            1239P   2612
0.9857605806028,0.34427283603461,0.,0.99072615329109,               1239P   2613
0.36890732729127,0.,0.99407114624506,0.39509643722812,0.,           1239P   2614
-5.90815539084406,-3.44161723808464,0.,0.,1.;                       1239P   2615
126,8,2,1,0,1,0,5.40682678537257,5.40682678537257,                  1241P   2616
5.40682678537257,5.62591641582433,5.62591641582433,                 1241P   2617
5.84500604627608,5.84500604627608,6.06409567672783,                 1241P   2618
6.06409567672783,6.28318530717959,6.28318530717959,                 1241P   2619
6.28318530717959,1.,1.,1.,1.,1.,1.,1.,1.,1.,0.99407114624506,       1241P   2620
0.39509643722812,0.,0.98930760456892,0.40470542270581,0.,           1241P   2621
0.98552016615208,0.41659235696498,0.,0.98173272773523,              1241P   2622
0.42847929122415,0.,0.97910246459609,0.44207587692449,0.,           1241P   2623
0.97647220145694,0.45567246262484,0.,0.97512486271748,              1241P   2624
0.47032866643375,0.,0.97377752397803,0.48498487024267,0.,           1241P   2625
0.97377752397803,0.5,0.,5.40682678537257,6.28318530717959,0.,0.,    1241P   2626
1.;                                                                 1241P   2627
126,32,2,1,0,1,0,3.14159265358979,3.14159265358979,                 1243P   2628
3.14159265358979,3.33794219443916,3.33794219443916,                 1243P   2629
3.53429173528852,3.53429173528852,3.73064127613788,                 1243P   2630
3.73064127613788,3.92699081698724,3.92699081698724,                 1243P   2631
4.1233403578366,4.1233403578366,4.31968989868597,                   1243P   2632
4.31968989868597,4.51603943953533,4.51603943953533,                 1243P   2633
4.71238898038469,4.71238898038469,4.90873852123405,                 1243P   2634
4.90873852123405,5.10508806208341,5.10508806208341,                 1243P   2635
5.30143760293278,5.30143760293278,5.49778714378214,                 1243P   2636
5.49778714378214,5.6941366846315,5.6941366846315,                   1243P   2637
5.89048622548086,5.89048622548086,6.08683576633022,                 1243P   2638
6.08683576633022,6.28318530717959,6.28318530717959,                 1243P   2639
6.28318530717959,1.,1.,1.,1.,1.,1.,1.,1.,1.,1.,1.,1.,1.,1.,1.,      1243P   2640
1.,1.,1.,1.,1.,1.,1.,1.,1.,1.,1.,1.,1.,1.,1.,1.,1.,1.,              1243P   2641
0.97377752397803,0.5,0.,0.97377752397803,0.47144322999188,0.,       1243P   2642
0.97147740317895,0.44343517031205,0.,0.96917728237988,              1243P   2643
0.41542711063222,0.,0.96466543313412,0.38904409530708,0.,           1243P   2644
0.96015358388836,0.36266107998195,0.,0.95360339403215,              1243P   2645
0.33891699349468,0.,0.94705320417595,0.31517290700741,0.,           1243P   2646
0.93871639383208,0.29498022128589,0.,0.93037958348821,              1243P   2647
0.27478753556436,0.,0.92057653160285,0.25892224419666,0.,           1243P   2648
0.9107734797175,0.24305695282896,0.,0.899880912077,                 1243P   2649
0.23212875006499,0.,0.88898834443651,0.22120054730102,0.,           1243P   2650
0.87742485630667,0.21562939784439,0.,0.86586136817683,              1243P   2651
0.21005824838777,0.,0.85407133792159,0.21005824838777,0.,           1243P   2652
0.84228130766636,0.21005824838777,0.,0.83071781953652,              1243P   2653
0.21562939784439,0.,0.81915433140668,0.22120054730102,0.,           1243P   2654
0.80826176376618,0.23212875006499,0.,0.79736919612569,              1243P   2655
0.24305695282896,0.,0.78756614424033,0.25892224419666,0.,           1243P   2656
0.77776309235498,0.27478753556436,0.,0.76942628201111,              1243P   2657
0.29498022128589,0.,0.76108947166724,0.31517290700741,0.,           1243P   2658
0.75453928181104,0.33891699349468,0.,0.74798909195483,              1243P   2659
0.36266107998195,0.,0.74347724270907,0.38904409530708,0.,           1243P   2660
0.73896539346331,0.41542711063222,0.,0.73666527266423,              1243P   2661
0.44343517031205,0.,0.73436515186516,0.47144322999188,0.,           1243P   2662
0.73436515186516,0.5,0.,3.14159265358979,6.28318530717959,0.,0.,    1243P   2663
1.;                                                                 1243P   2664
126,1,1,1,0,1,0,-0.010675,-0.010675,0.008175,0.008175,1.,1.,        1245P   2665
0.73436515186516,0.5,0.,0.53199191355451,0.5,0.,-0.010675,          1245P   2666
0.008175,0.,0.,1.;                                                  1245P   2667
126,1,1,1,0,1,0,-0.0025,-0.0025,0.0025,0.0025,1.,1.,                1247P   2668
0.53199191355451,0.5,0.,0.53199191355451,0.63001872269607,0.,       1247P   2669
-0.0025,0.0025,0.,0.,1.;                                            1247P   2670
102,8,1233,1235,1237,1239,1241,1243,1245,1247;                      1249P   2671
110,0.,0.005,-0.025,0.01166969722018,0.005,-0.025;                  1251P   2672
124,1.,0.,0.,0.03,0.,-1.,0.,-0.,0.,0.,-1.,-0.025;                   1253P   2673
100,0.,0.,0.,-0.01833030277982,-0.005,-0.01833030277982,0.005;      1255P   2674
110,0.01166969722018,-0.005,-0.025,-0.01729872053689,-0.005,        1257P   2675
-0.025;                                                             1257P   2676
124,1.,0.,0.,-0.03,0.,-1.,0.,-0.,0.,0.,-1.,-0.025;                  1259P   2677
100,0.,0.,0.,0.01270127946311,0.005,-0.01304024390244,              1261P   2678
0.00403417140996;                                                   1261P   2679
124,1.,0.,0.,-0.0464,0.,1.,0.,0.,0.,0.,1.,-0.025;                   1263P   2680
100,0.,0.,0.,0.00335975609756,-0.00403417140996,0.00525,-0.;        1265P   2681
124,1.,0.,0.,-0.03,0.,1.,0.,0.,0.,0.,1.,-0.025;                     1267P   2682
100,0.,0.,0.,-0.01115,0.,0.01115,-0.;                               1269P   2683
110,-0.01885,0.,-0.025,0.,0.,-0.025;                                1271P   2684
110,0.,0.,-0.025,0.,0.005,-0.025;                                   1273P   2685
102,8,1251,1255,1257,1261,1265,1269,1271,1273;                      1275P   2686
142,1,1231,1249,1275,2;                                             1277P   2687
126,64,2,1,1,1,1,3.14159265358979,3.14159265358979,                 1279P   2688
3.14159265358979,3.33794219443916,3.33794219443916,                 1279P   2689
3.53429173528852,3.53429173528852,3.73064127613788,                 1279P   2690
3.73064127613788,3.92699081698724,3.92699081698724,                 1279P   2691
4.1233403578366,4.1233403578366,4.31968989868597,                   1279P   2692
4.31968989868597,4.51603943953533,4.51603943953533,                 1279P   2693
4.71238898038469,4.71238898038469,4.90873852123405,                 1279P   2694
4.90873852123405,5.10508806208341,5.10508806208341,                 1279P   2695
5.30143760293278,5.30143760293278,5.49778714378214,                 1279P   2696
5.49778714378214,5.6941366846315,5.6941366846315,                   1279P   2697
5.89048622548086,5.89048622548086,6.08683576633022,                 1279P   2698
6.08683576633022,6.28318530717959,6.28318530717959,                 1279P   2699
6.47953484802895,6.47953484802895,6.67588438887831,                 1279P   2700
6.67588438887831,6.87223392972767,6.87223392972767,                 1279P   2701
7.06858347057703,7.06858347057703,7.2649330114264,                  1279P   2702
7.2649330114264,7.46128255227576,7.46128255227576,                  1279P   2703
7.65763209312512,7.65763209312512,7.85398163397448,                 1279P   2704
7.85398163397448,8.05033117482384,8.05033117482384,                 1279P   2705
8.24668071567321,8.24668071567321,8.44303025652257,                 1279P   2706
8.44303025652257,8.63937979737193,8.63937979737193,                 1279P   2707
8.83572933822129,8.83572933822129,9.03207887907065,                 1279P   2708
9.03207887907065,9.22842841992002,9.22842841992002,                 1279P   2709
9.42477796076938,9.42477796076938,9.42477796076938,1.,1.,1.,1.,     1279P   2710
1.,1.,1.,1.,1.,1.,1.,1.,1.,1.,1.,1.,1.,1.,1.,1.,1.,1.,1.,1.,1.,     1279P   2711
1.,1.,1.,1.,1.,1.,1.,1.,1.,1.,1.,1.,1.,1.,1.,1.,1.,1.,1.,1.,1.,     1279P   2712
1.,1.,1.,1.,1.,1.,1.,1.,1.,1.,1.,1.,1.,1.,1.,1.,1.,1.,1.,           1279P   2713
0.38705617258932,0.5,0.,0.38705617258932,0.45774110267856,0.,       1279P   2714
0.38365240638442,0.41629419821962,0.,0.38024864017951,              1279P   2715
0.37484729376069,0.,0.3735719125961,0.33580516345891,0.,            1279P   2716
0.36689518501269,0.29676303315714,0.,0.35720207894745,              1279P   2717
0.26162604418495,0.,0.34750897288221,0.22648905521276,0.,           1279P   2718
0.33517198896527,0.19660750235131,0.,0.32283500504833,              1279P   2719
0.16672594948986,0.,0.30832824665297,0.14324816405783,0.,           1279P   2720
0.2938214882576,0.11977037862581,0.,0.27770244197346,               1279P   2721
0.10359859875088,0.,0.26158339568932,0.08742681887595,0.,           1279P   2722
0.24447150742543,0.07918251698946,0.,0.22735961916154,              1279P   2723
0.07093821510297,0.,0.20991248918743,0.07093821510297,0.,           1279P   2724
0.19246535921332,0.07093821510297,0.,0.17535347094943,              1279P   2725
0.07918251698946,0.,0.15824158268554,0.08742681887595,0.,           1279P   2726
0.14212253640139,0.10359859875088,0.,0.12600349011725,              1279P   2727
0.11977037862581,0.,0.11149673172189,0.14324816405783,0.,           1279P   2728
0.09698997332652,0.16672594948985,0.,0.08465298940958,              1279P   2729
0.19660750235131,0.,0.07231600549265,0.22648905521276,0.,           1279P   2730
0.06262289942741,0.26162604418495,0.,0.05292979336217,              1279P   2731
0.29676303315714,0.,0.04625306577876,0.33580516345891,0.,           1279P   2732
0.03957633819534,0.37484729376069,0.,0.03617257199044,              1279P   2733
0.41629419821962,0.,0.03276880578553,0.45774110267856,0.,           1279P   2734
0.03276880578553,0.5,0.,0.03276880578553,0.54225889732144,0.,       1279P   2735
0.03617257199044,0.58370580178038,0.,0.03957633819534,              1279P   2736
0.62515270623931,0.,0.04625306577876,0.66419483654109,0.,           1279P   2737
0.05292979336217,0.70323696684286,0.,0.06262289942741,              1279P   2738
0.73837395581505,0.,0.07231600549265,0.77351094478724,0.,           1279P   2739
0.08465298940958,0.80339249764869,0.,0.09698997332652,              1279P   2740
0.83327405051015,0.,0.11149673172189,0.85675183594217,0.,           1279P   2741
0.12600349011725,0.88022962137419,0.,0.14212253640139,              1279P   2742
0.89640140124912,0.,0.15824158268554,0.91257318112405,0.,           1279P   2743
0.17535347094943,0.92081748301054,0.,0.19246535921332,              1279P   2744
0.92906178489703,0.,0.20991248918743,0.92906178489703,0.,           1279P   2745
0.22735961916154,0.92906178489703,0.,0.24447150742543,              1279P   2746
0.92081748301054,0.,0.26158339568932,0.91257318112405,0.,           1279P   2747
0.27770244197346,0.89640140124912,0.,0.2938214882576,               1279P   2748
0.88022962137419,0.,0.30832824665297,0.85675183594217,0.,           1279P   2749
0.32283500504833,0.83327405051015,0.,0.33517198896527,              1279P   2750
0.80339249764869,0.,0.34750897288221,0.77351094478724,0.,           1279P   2751
0.35720207894745,0.73837395581505,0.,0.36689518501269,              1279P   2752
0.70323696684286,0.,0.3735719125961,0.66419483654109,0.,            1279P   2753
0.38024864017951,0.62515270623931,0.,0.38365240638442,              1279P   2754
0.58370580178038,0.,0.38705617258932,0.54225889732144,0.,           1279P   2755
0.38705617258932,0.5,0.,3.14159265358979,9.42477796076938,0.,0.,    1279P   2756
1.;                                                                 1279P   2757
102,1,1279;                                                         1281P   2758
124,1.,0.,0.,0.03,0.,1.,0.,0.,0.,0.,1.,-0.025;                      1283P   2759
100,0.,0.,0.,-0.0165,0.,-0.0165,0.;                                 1285P   2760
102,1,1285;                                                         1287P   2761
142,1,1231,1281,1287,2;                                             1289P   2762
144,1231,1,1,1277,1289;                                             1291P   2763
314,61.5686297416687,81.17647171020508,92.9411768913269,10HMixed    1293P   2764
Color;                                                              1293P   2765
110,0.03,0.025,0.,0.03,-0.975,0.;                                   1295P   2766
110,0.03,-0.01569490436788,-0.005,0.03,-0.01902702052695,-0.005;    1297P   2767
120,1295,1297,0.,6.28318530717959;                                  1299P   2768
126,48,2,1,0,1,0,0.,0.,0.,0.0019653946768,0.0019653946768,          1301P   2769
0.0029480920152,0.0029480920152,0.0039307893536,0.0039307893536,    1301P   2770
0.004913486692,0.004913486692,0.0058961840304,0.0058961840304,      1301P   2771
0.0078615787072,0.0078615787072,0.009826973384,0.009826973384,      1301P   2772
0.01080967072241,0.01080967072241,0.01179236806081,                 1301P   2773
0.01179236806081,0.01277506539921,0.01277506539921,                 1301P   2774
0.01375776273761,0.01375776273761,0.01572315741441,                 1301P   2775
0.01572315741441,0.01768855209121,0.01768855209121,                 1301P   2776
0.01867124942961,0.01867124942961,0.01965394676801,                 1301P   2777
0.01965394676801,0.02063664410641,0.02063664410641,                 1301P   2778
0.02161934144481,0.02161934144481,0.02358473612161,                 1301P   2779
0.02358473612161,0.02555013079841,0.02555013079841,                 1301P   2780
0.02653282813681,0.02653282813681,0.02751552547521,                 1301P   2781
0.02751552547521,0.02849822281361,0.02849822281361,                 1301P   2782
0.02948092015201,0.02948092015201,0.03144631482881,                 1301P   2783
0.03144631482881,0.03144631482881,1.,1.,1.,1.,1.,1.,1.,1.,1.,1.,    1301P   2784
1.,1.,1.,1.,1.,1.,1.,1.,1.,1.,1.,1.,1.,1.,1.,1.,1.,1.,1.,1.,1.,     1301P   2785
1.,1.,1.,1.,1.,1.,1.,1.,1.,1.,1.,1.,1.,1.,1.,1.,1.,1.,              1301P   2786
0.24161691660296,6.28318530717959,0.,0.24161691660296,              1301P   2787
6.09614815903718,0.,0.20792101794937,5.88871177936524,0.,           1301P   2788
0.19350425890363,5.79996031635205,0.,0.17075391683039,              1301P   2789
5.6932766135294,0.,0.15597348213351,5.62396638084303,0.,            1301P   2790
0.12653818938265,5.4975071680815,0.,0.0952644292341,                1301P   2791
5.36314957490413,0.,0.08207710883676,5.3024406209285,0.,            1301P   2792
0.05857963659092,5.19426800373761,0.,0.04387547606545,              1301P   2793
5.10674643803715,0.,0.00884708042925,4.89825170454015,0.,           1301P   2794
0.0087875646807,4.71306252241552,0.,0.00872793450061,               1301P   2795
4.52751727514327,0.,0.04375961867081,4.31872158973324,0.,           1301P   2796
0.05847373206575,4.23102259768448,0.,0.08201263130272,              1301P   2797
4.12263420198415,0.,0.09521260056668,4.06185296164613,0.,           1301P   2798
0.12660753687175,3.92697286153164,0.,0.15586661865523,              1301P   2799
3.80126889953394,0.,0.17059859222926,3.7322294845942,0.,            1301P   2800
0.19349133892862,3.62494570278829,0.,0.20796485324702,              1301P   2801
3.53579625198966,0.,0.24158102890266,3.32873779115392,0.,           1301P   2802
0.24161687607557,3.14201485663644,0.,0.24165275056665,              1301P   2803
2.95514962556978,0.,0.20806554393016,2.74800964766741,0.,           1301P   2804
0.19360122401629,2.6588048817053,0.,0.170713841763,                 1301P   2805
2.55149605032536,0.,0.15595540424498,2.4823002521548,0.,            1301P   2806
0.12669816582466,2.35660181283928,0.,0.09527449264837,              1301P   2807
2.22159567797874,0.,0.0821119517205,2.16100835951554,0.,            1301P   2808
0.05860002644798,2.05278271281291,0.,0.04388924058847,              1301P   2809
1.96523570658924,0.,0.00881159352694,1.75648119034952,0.,           1301P   2810
0.00878747418246,1.57106895790672,0.,0.00876335317828,              1301P   2811
1.3856439669549,0.,0.04378821452508,1.17695852767315,0.,            1301P   2812
0.05849278259656,1.08934563987151,0.,0.08200384466991,              1301P   2813
0.9810820084027,0.,0.09521673501422,0.92023935117131,0.,            1301P   2814
0.12649048979297,0.78588306397274,0.,0.15594233254718,              1301P   2815
0.65935395764678,0.,0.17071479623391,0.59009212816301,0.,           1301P   2816
0.19344347454705,0.48352697592439,0.,0.20785557544359,              1301P   2817
0.3948762368145,0.,0.24161691660296,0.1872057612465,0.,             1301P   2818
0.24161691660296,0.,0.,0.,0.03144631482881,0.,0.,1.;                1301P   2819
126,1,1,1,0,1,0,0.,0.,1.,1.,1.,1.,0.24161691660296,0.,0.,           1303P   2820
0.24161691660296,6.28318530717959,0.,0.,1.,0.,0.,1.;                1303P   2821
126,1,1,1,0,1,0,0.0415,0.0415,0.044,0.044,1.,1.,                    1305P   2822
0.24161691660296,6.28318530717959,0.,0.99189088085098,              1305P   2823
6.28318530717959,0.,0.0415,0.044,0.,0.,1.;                          1305P   2824
126,1,1,1,0,1,0,0.,0.,1.,1.,1.,1.,0.99189088085098,                 1307P   2825
6.28318530717959,0.,0.99189088085098,0.,0.,0.,1.,0.,0.,1.;          1307P   2826
126,48,2,1,0,1,0,-0.03139914105891,-0.03139914105891,               1309P   2827
-0.03139914105891,-0.02943669474273,-0.02943669474273,              1309P   2828
-0.02845547158464,-0.02845547158464,-0.02747424842655,              1309P   2829
-0.02747424842655,-0.02649302526846,-0.02649302526846,              1309P   2830
-0.02551180211037,-0.02551180211037,-0.02354935579418,              1309P   2831
-0.02354935579418,-0.021586909478,-0.021586909478,                  1309P   2832
-0.02060568631991,-0.02060568631991,-0.01962446316182,              1309P   2833
-0.01962446316182,-0.01864324000373,-0.01864324000373,              1309P   2834
-0.01766201684564,-0.01766201684564,-0.01569957052946,              1309P   2835
-0.01569957052946,-0.01373712421327,-0.01373712421327,              1309P   2836
-0.01275590105518,-0.01275590105518,-0.01177467789709,              1309P   2837
-0.01177467789709,-0.010793454739,-0.010793454739,                  1309P   2838
-0.00981223158091,-0.00981223158091,-0.00784978526473,              1309P   2839
-0.00784978526473,-0.00588733894855,-0.00588733894855,              1309P   2840
-0.00490611579046,-0.00490611579046,-0.00392489263236,              1309P   2841
-0.00392489263236,-0.00294366947427,-0.00294366947427,              1309P   2842
-0.00196244631618,-0.00196244631618,0.,0.,0.,1.,1.,1.,1.,1.,1.,     1309P   2843
1.,1.,1.,1.,1.,1.,1.,1.,1.,1.,1.,1.,1.,1.,1.,1.,1.,1.,1.,1.,1.,     1309P   2844
1.,1.,1.,1.,1.,1.,1.,1.,1.,1.,1.,1.,1.,1.,1.,1.,1.,1.,1.,1.,1.,     1309P   2845
1.,0.99189088085098,0.,0.,0.99189088085098,0.1869756118348,0.,      1309P   2846
0.96261475834842,0.39474681818965,0.,0.95013301464823,              1309P   2847
0.48332914140453,0.,0.93041091548287,0.59018220519827,0.,           1309P   2848
0.91779735810645,0.65852164714651,0.,0.89217181487732,              1309P   2849
0.78604065983246,0.,0.86538079887212,0.91935935201745,0.,           1309P   2850
0.85371658985051,0.98175476566699,0.,0.83353578479198,              1309P   2851
1.08970805054682,0.,0.8208895924971,1.17746133856892,0.,            1309P   2852
0.79087268163542,1.38575191038358,0.,0.79090837077007,              1309P   2853
1.57126633794138,0.,0.79094406047356,1.75678372233419,0.,           1309P   2854
0.82104756015268,1.96522629017134,0.,0.83371095275329,              1309P   2855
2.0529101176112,0.,0.85391087495627,2.1608767500855,0.,             1309P   2856
0.86550199450761,2.22283016416253,0.,0.8924335185952,               1309P   2857
2.35685432560516,0.,0.9178765984548,2.48347127574922,0.,            1309P   2858
0.93050266894701,2.55190766862847,0.,0.95033046709091,              1309P   2859
2.65937918833393,0.,0.96284105097092,2.74845442430449,0.,           1309P   2860
0.99192219840086,2.95551191214524,0.,0.99189084506743,              1309P   2861
3.14201837315942,0.,0.99185950790848,3.32842861968458,0.,           1309P   2862
0.96273705314755,3.53547079334591,0.,0.95021307088228,              1309P   2863
3.62450836014393,0.,0.93037011004009,3.73199591914597,0.,           1309P   2864
0.91777377104952,3.80022917028359,0.,0.89228681073458,              1309P   2865
3.92706106014481,0.,0.86543584033855,4.06068073380748,0.,           1309P   2866
0.85380396142772,4.12288012874063,0.,0.83355026977544,              1309P   2867
4.23118312738704,0.,0.82087538940399,4.31915255851366,0.,           1309P   2868
0.79085969139624,4.52747514627995,0.,0.79090840976892,              1309P   2869
4.71303043999028,0.,0.7909570507946,4.89829113962886,0.,            1309P   2870
0.82098565147695,5.10639009558721,0.,0.83365589007598,              1309P   2871
5.19419516689545,0.,0.85388177622058,5.30231386418626,0.,           1309P   2872
0.86549297749229,5.36438224262486,0.,0.89225769614777,              1309P   2873
5.49757201678774,0.,0.91788230676609,5.62508824982568,0.,           1309P   2874
0.93052344907884,5.69361296106453,0.,0.95023743557489,              1309P   2875
5.80047792615914,0.,0.96270942769676,5.8891108068473,0.,            1309P   2876
0.99189088085098,6.09649036822386,0.,0.99189088085098,              1309P   2877
6.28318530717959,0.,-0.03139914105891,0.,0.,0.,1.;                  1309P   2878
126,1,1,1,0,1,0,0.,0.,1.,1.,1.,1.,0.99189088085098,                 1311P   2879
6.28318530717959,0.,0.99189088085098,0.,0.,0.,1.,0.,0.,1.;          1311P   2880
126,1,1,1,0,1,0,-0.044,-0.044,-0.0415,-0.0415,1.,1.,                1313P   2881
0.99189088085098,0.,0.,0.24161691660296,0.,0.,-0.044,-0.0415,0.,    1313P   2882
0.,1.;                                                              1313P   2883
126,1,1,1,0,1,0,0.,0.,1.,1.,1.,1.,0.24161691660296,0.,0.,           1315P   2884
0.24161691660296,6.28318530717959,0.,0.,1.,0.,0.,1.;                1315P   2885
102,8,1301,1303,1305,1307,1309,1311,1313,1315;                      1317P   2886
126,71,3,0,1,1,1,-0.0009826973384,-0.0009826973384,0.,0.,           1319P   2887
0.0009826973384,0.0009826973384,0.0019653946768,0.0019653946768,    1319P   2888
0.0029480920152,0.0029480920152,0.0039307893536,0.0039307893536,    1319P   2889
0.004913486692,0.004913486692,0.0058961840304,0.0058961840304,      1319P   2890
0.0063875326996,0.0063875326996,0.0068788813688,0.0068788813688,    1319P   2891
0.0078615787072,0.0078615787072,0.0088442760456,0.0088442760456,    1319P   2892
0.009826973384,0.009826973384,0.0108096707224,0.0108096707224,      1319P   2893
0.01179236806081,0.01179236806081,0.01277506539921,                 1319P   2894
0.01277506539921,0.01375776273761,0.01375776273761,                 1319P   2895
0.01474046007601,0.01474046007601,0.01523180874521,                 1319P   2896
0.01523180874521,0.01572315741441,0.01572315741441,                 1319P   2897
0.01670585475281,0.01670585475281,0.01768855209121,                 1319P   2898
0.01768855209121,0.01867124942961,0.01867124942961,                 1319P   2899
0.01965394676801,0.01965394676801,0.02063664410641,                 1319P   2900
0.02063664410641,0.02161934144481,0.02161934144481,                 1319P   2901
0.02260203878321,0.02260203878321,0.02309338745241,                 1319P   2902
0.02309338745241,0.02358473612161,0.02358473612161,                 1319P   2903
0.02456743346001,0.02456743346001,0.02555013079841,                 1319P   2904
0.02555013079841,0.02653282813681,0.02653282813681,                 1319P   2905
0.02751552547521,0.02751552547521,0.02849822281361,                 1319P   2906
0.02849822281361,0.02948092015201,0.02948092015201,                 1319P   2907
0.03046361749041,0.03046361749041,0.03144631482881,                 1319P   2908
0.03144631482881,0.03242901216722,0.03242901216722,1.,1.,1.,1.,     1319P   2909
1.,1.,1.,1.,1.,1.,1.,1.,1.,1.,1.,1.,1.,1.,1.,1.,1.,1.,1.,1.,1.,     1319P   2910
1.,1.,1.,1.,1.,1.,1.,1.,1.,1.,1.,1.,1.,1.,1.,1.,1.,1.,1.,1.,1.,     1319P   2911
1.,1.,1.,1.,1.,1.,1.,1.,1.,1.,1.,1.,1.,1.,1.,1.,1.,1.,1.,1.,1.,     1319P   2912
1.,1.,1.,1.,1.,0.03033242420295,-0.0165,-0.005,0.02966757579705,    1319P   2913
-0.0165,-0.005,0.02934108366035,-0.01648997102707,                  1319P   2914
-0.00496718141332,0.02869936433204,-0.0164517981411,                1319P   2915
-0.004838947075,0.02838072129159,-0.01642317259485,                 1319P   2916
-0.00474185425843,0.02777605667358,-0.01635227010835,               1319P   2917
-0.00449013601404,0.02748959789196,-0.01631022634431,               1319P   2918
-0.00433638694787,0.0269475506037,-0.01621752616245,                1319P   2919
-0.00397352780143,0.0266925470054,-0.01616681028257,                1319P   2920
-0.00376374284448,0.02623440573273,-0.01606627834436,               1319P   2921
-0.00330534496311,0.02602817434337,-0.01601593746865,               1319P   2922
-0.00305490761425,0.02566270618457,-0.0159208521884,                1319P   2923
-0.00250913170975,0.02550877348106,-0.01587752606469,               1319P   2924
-0.00222142193381,0.02532128603921,-0.01582289079365,               1319P   2925
-0.00177090187085,0.02526597344499,-0.01580637535019,               1319P   2926
-0.00161738484132,0.02517009052175,-0.01577734082685,               1319P   2927
-0.00130342455877,0.02512938828745,-0.01576477994282,               1319P   2928
-0.00114205544943,0.02503245569795,-0.01573461419949,               1319P   2929
-0.00065734315465,0.02500022223428,-0.01572425585989,               1319P   2930
-0.0003316324547,0.02499978003401,-0.01572411524842,                1319P   2931
0.0003248970349,0.02503271446044,-0.01573469418671,                 1319P   2932
0.00065843099145,0.02516119891088,-0.01577468005383,                1319P   2933
0.00130133048146,0.02525623315752,-0.01580392237646,                1319P   2934
0.00161398992671,0.02550868140597,-0.01587751062428,                1319P   2935
0.00222178860971,0.02566409435485,-0.01592120336492,                1319P   2936
0.00251103117512,0.0260251347866,-0.01601515659886,                 1319P   2937
0.00305054124072,0.02623386442381,-0.01606617532584,                1319P   2938
0.00330494051778,0.02669519472971,-0.01616737544886,                1319P   2939
0.00376625425719,0.02694549763336,-0.01621712308308,                1319P   2940
0.00397186700858,0.02748560157817,-0.01630959430445,                1319P   2941
0.00433399501822,0.02777836197256,-0.01635256360021,                1319P   2942
0.00449119090382,0.02838090811832,-0.0164231712316,                 1319P   2943
0.00474183643098,0.0286927834251,-0.01645131682696,                 1319P   2944
0.00483731916978,0.02917714205586,-0.01648026289027,                1319P   2945
0.00493457422528,0.02934210231918,-0.01648769562859,                1319P   2946
0.00495926891173,0.02967020211647,-0.01649752011229,                1319P   2947
0.00499183441766,0.02983411352042,-0.01649997891147,                1319P   2948
0.00499993040786,0.03032543991365,-0.01650004177193,                1319P   2949
0.00500013784737,0.03065407429979,-0.01649023722697,                1319P   2950
0.00496807300493,0.03130327380064,-0.01645166296737,                1319P   2951
0.00483849563113,0.03161601085382,-0.0164234785829,                 1319P   2952
0.00474289760528,0.03221898836875,-0.01635292727502,                1319P   2953
0.00449251147947,0.03251168896066,-0.01631001961474,                1319P   2954
0.00433559901407,0.03305272395833,-0.01621746582246,                1319P   2955
0.00397327027525,0.0333032927256,-0.01616768652148,                 1319P   2956
0.00376758655545,0.0337648942937,-0.01606646822562,                 1319P   2957
0.0033063608758,0.03397367442421,-0.0160154510769,                  1319P   2958
0.00305205316044,0.0343345525126,-0.01592157078123,                 1319P   2959
0.00251331880974,0.0344892638777,-0.01587809662567,                 1319P   2960
0.00222606763683,0.03474285762781,-0.01580420020564,                1319P   2961
0.00161683914157,0.03483794891024,-0.01577494172595,                1319P   2962
0.00130425301266,0.03493441304593,-0.01574492622787,                1319P   2963
0.00082357409318,0.03495881456671,-0.01573723147144,                1319P   2964
0.00066136776353,0.03499163856975,-0.01572685094612,                1319P   2965
0.00033285674786,0.0349999548854,-0.01572419953912,                 1319P   2966
0.00016616012416,0.03500008967174,-0.01572415667956,                1319P   2967
-0.0003282307817,0.03496790519136,-0.01573449820418,                1319P   2968
-0.00065412572699,0.0348395794725,-0.01577444091741,                1319P   2969
-0.00129862734704,0.03474237257051,-0.01580433160297,               1319P   2970
-0.00161749150754,0.03449205908275,-0.01587729196719,               1319P   2971
-0.00221986070995,0.03433834189687,-0.01592056800535,               1319P   2972
-0.00250736670853,0.03397265397615,-0.01601573340228,               1319P   2973
-0.00305386944891,0.03376633276685,-0.01606610548469,               1319P   2974
-0.00330451193912,0.03330816297843,-0.01616666526109,               1319P   2975
-0.00376312627673,0.03305317695515,-0.01621738864801,               1319P   2976
-0.00397296866181,0.03251119878074,-0.01631010315,                  1319P   2977
-0.00433592552874,0.03222506795746,-0.0163521034489,                1319P   2978
-0.00448952486907,0.0316218715712,-0.01642290313024,                1319P   2979
-0.00474091695475,0.0313025803278,-0.01645165846394,                1319P   2980
-0.00483847492763,0.03065941666712,-0.0164899651723,                1319P   2981
-0.00496716466354,0.03033242420295,-0.0165,-0.005,                  1319P   2982
0.02966757579705,-0.0165,-0.005,0.,0.03144631482881;                1319P   2983
110,0.03,-0.0165,-0.005,0.03,-0.019,-0.005;                         1321P   2984
126,71,3,0,1,1,1,-0.032380364217,-0.032380364217,                   1323P   2985
-0.03139914105891,-0.03139914105891,-0.03041791790082,              1323P   2986
-0.03041791790082,-0.02943669474273,-0.02943669474273,              1323P   2987
-0.02845547158464,-0.02845547158464,-0.02747424842655,              1323P   2988
-0.02747424842655,-0.02649302526846,-0.02649302526846,              1323P   2989
-0.02551180211037,-0.02551180211037,-0.02453057895228,              1323P   2990
-0.02453057895228,-0.02354935579418,-0.02354935579418,              1323P   2991
-0.02305874421514,-0.02305874421514,-0.02256813263609,              1323P   2992
-0.02256813263609,-0.021586909478,-0.021586909478,                  1323P   2993
-0.02060568631991,-0.02060568631991,-0.01962446316182,              1323P   2994
-0.01962446316182,-0.01864324000373,-0.01864324000373,              1323P   2995
-0.01766201684564,-0.01766201684564,-0.01668079368755,              1323P   2996
-0.01668079368755,-0.01569957052946,-0.01569957052946,              1323P   2997
-0.01520895895041,-0.01520895895041,-0.01471834737137,              1323P   2998
-0.01471834737137,-0.01373712421327,-0.01373712421327,              1323P   2999
-0.01275590105518,-0.01275590105518,-0.01177467789709,              1323P   3000
-0.01177467789709,-0.010793454739,-0.010793454739,                  1323P   3001
-0.00981223158091,-0.00981223158091,-0.00883100842282,              1323P   3002
-0.00883100842282,-0.00784978526473,-0.00784978526473,              1323P   3003
-0.00686856210664,-0.00686856210664,-0.00637795052759,              1323P   3004
-0.00637795052759,-0.00588733894855,-0.00588733894855,              1323P   3005
-0.00490611579046,-0.00490611579046,-0.00392489263236,              1323P   3006
-0.00392489263236,-0.00294366947427,-0.00294366947427,              1323P   3007
-0.00196244631618,-0.00196244631618,-0.00098122315809,              1323P   3008
-0.00098122315809,0.,0.,0.00098122315809,0.00098122315809,1.,1.,    1323P   3009
1.,1.,1.,1.,1.,1.,1.,1.,1.,1.,1.,1.,1.,1.,1.,1.,1.,1.,1.,1.,1.,     1323P   3010
1.,1.,1.,1.,1.,1.,1.,1.,1.,1.,1.,1.,1.,1.,1.,1.,1.,1.,1.,1.,1.,     1323P   3011
1.,1.,1.,1.,1.,1.,1.,1.,1.,1.,1.,1.,1.,1.,1.,1.,1.,1.,1.,1.,1.,     1323P   3012
1.,1.,1.,1.,1.,1.,1.,0.02966810831163,-0.019,-0.005,                1323P   3013
0.03033189168837,-0.019,-0.005,0.03065883861564,                    1323P   3014
-0.01899131215602,-0.00496727412357,0.0313029768625,                1323P   3015
-0.01895801300307,-0.00483840178529,0.03162183365092,               1323P   3016
-0.01893307206367,-0.00474088698859,0.03222391125445,               1323P   3017
-0.0188718250546,-0.00449005262354,0.03251047547578,                1323P   3018
-0.01883542318636,-0.00433644539644,0.0330546486781,                1323P   3019
-0.01875486004152,-0.00397194753794,0.03330858880589,               1323P   3020
-0.01871116423613,-0.00376277227675,0.03376702068205,               1323P   3021
-0.01862428474167,-0.00330375094009,0.03397507245443,               1323P   3022
-0.01858046559083,-0.00305065005938,0.03433966289953,               1323P   3023
-0.01849870883355,-0.00250499355712,0.03449308052343,               1323P   3024
-0.01846155085353,-0.00221782869112,0.03474327942494,               1323P   3025
-0.01839885683418,-0.00161487986864,0.03484029913748,               1323P   3026
-0.01837323793143,-0.00129571063246,0.03496799925928,               1323P   3027
-0.01833912078549,-0.0006529511032,0.03500015444501,                1323P   3028
-0.0183302606515,-0.00032742356545,0.03499992194908,                1323P   3029
-0.01833032406995,0.0001672368662,0.03499156526124,                 1323P   3030
-0.01833260929549,0.00033365995862,0.03495884605897,                1323P   3031
-0.01834148666553,0.00066098297151,0.03493453413739,                1323P   3032
-0.01834806463017,0.00082280868268,0.03483828115644,                1323P   3033
-0.01837377061888,0.0013029200192,0.03474275174706,                 1323P   3034
-0.01839900427807,0.00161708542958,0.03448940594445,                1323P   3035
-0.01846245614279,0.00222573441514,0.03433517629864,                1323P   3036
-0.01849974424696,0.00251231072207,0.03397378302165,                1323P   3037
-0.0185807249385,0.0030519677589,0.03376390837674,                  1323P   3038
-0.01862493292533,0.00330746215386,0.0333024921552,                 1323P   3039
-0.01871226010685,0.0037682698593,0.03305168372613,                 1323P   3040
-0.01875532933793,0.00397412804883,0.03250930863889,                1323P   3041
-0.01883556535635,0.00433703095074,0.03221669734474,                1323P   3042
-0.01887267700466,0.00449361935549,0.03161419380445,                1323P   3043
-0.01893372818021,0.00474349453377,0.0313014502517,                 1323P   3044
-0.01895816618228,0.0048390052431,0.03065165594417,                 1323P   3045
-0.01899160820687,0.00496840910461,0.03032503504673,                1323P   3046
-0.01900003653339,0.00500013882688,0.02983428957996,                1323P   3047
-0.01899998155445,0.00499992990692,0.02967047581457,                1323P   3048
-0.0189978510549,0.00499185249845,0.02934237388463,                 1323P   3049
-0.01898932486387,0.00495930493592,0.02917773082166,                1323P   3050
-0.01898288406829,0.00493465923211,0.02869451219514,                1323P   3051
-0.01895784160179,0.00483773241779,0.02838276363291,                1323P   3052
-0.01893347464877,0.00474249285845,0.02777951162988,                1323P   3053
-0.01887223747045,0.00449178398608,0.02748665895134,                1323P   3054
-0.01883501241172,0.00433461235507,0.02694638037446,                1323P   3055
-0.01875499887921,0.00397255014797,0.02669557001074,                1323P   3056
-0.01871192631414,0.00376667030927,0.02623286550071,                1323P   3057
-0.01862428902278,0.00330390079102,0.02602452769467,                1323P   3058
-0.01858036259476,0.00304977742069,0.02566333395865,                1323P   3059
-0.01849939409411,0.00250975098607,0.02550757030972,                1323P   3060
-0.01846171530775,0.00221948158043,0.02525569201066,                1323P   3061
-0.01839859772724,0.00161231656639,0.0251608365789,                 1323P   3062
-0.01837353807854,0.00129991928615,0.0250326050774,                 1323P   3063
-0.01833928547743,0.00065748037961,0.02499979082235,                1323P   3064
-0.01833024572195,0.0003244926762,0.025000211235,                   1323P   3065
-0.01833036039888,-0.00033090727182,0.02503232444964,               1323P   3066
-0.01833921098078,-0.00065628594572,0.02512910375833,               1323P   3067
-0.01836506152306,-0.00114083202397,0.02516971168038,               1323P   3068
-0.01837581995192,-0.00130200098678,0.02526540499311,               1323P   3069
-0.01840070798303,-0.0016157047815,0.02532064007473,                1323P   3070
-0.0184148781267,-0.00176919793897,0.02550801260736,                1323P   3071
-0.01846181551719,-0.00221989456831,0.02566233763333,               1323P   3072
-0.01849918268659,-0.0025085064181,0.02602783768186,                1323P   3073
-0.01858109257814,-0.00305447962429,0.02623425812299,               1323P   3074
-0.01862454626046,-0.00330522702931,0.02669315305121,               1323P   3075
-0.01871147505008,-0.00376431944138,0.02694876774718,               1323P   3076
-0.01875540302254,-0.00397447431225,0.02749117608244,               1323P   3077
-0.01883563015536,-0.00433731101837,0.02777780697138,               1323P   3078
-0.01887204975166,-0.00449100578648,0.02838265511749,               1323P   3079
-0.01893347826514,-0.00474251730219,0.02870102271229,               1323P   3080
-0.01895826097643,-0.00483936739574,0.02934204713875,               1323P   3081
-0.01899131641769,-0.00496728465234,0.02966810831163,-0.019,        1323P   3082
-0.005,0.03033189168837,-0.019,-0.005,-0.03139914105891,0.;         1323P   3083
110,0.03,-0.019,-0.005,0.03,-0.0165,-0.005;                         1325P   3084
102,4,1319,1321,1323,1325;                                          1327P   3085
142,1,1299,1317,1327,2;                                             1329P   3086
144,1299,1,0,1329;                                                  1331P   3087
314,61.5686297416687,81.17647171020508,92.9411768913269,10HMixed    1333P   3088
Color;                                                              1333P   3089
110,0.03,0.025,0.,0.03,-0.975,0.;                                   1335P   3090
110,0.03,0.01902702052695,-0.005,0.03,0.01569490436788,-0.005;      1337P   3091
120,1335,1337,0.,6.28318530717959;                                  1339P   3092
126,48,2,1,0,1,0,-0.03139914105891,-0.03139914105891,               1341P   3093
-0.03139914105891,-0.02943669474273,-0.02943669474273,              1341P   3094
-0.02845547158464,-0.02845547158464,-0.02747424842655,              1341P   3095
-0.02747424842655,-0.02649302526846,-0.02649302526846,              1341P   3096
-0.02551180211037,-0.02551180211037,-0.02354935579418,              1341P   3097
-0.02354935579418,-0.021586909478,-0.021586909478,                  1341P   3098
-0.02060568631991,-0.02060568631991,-0.01962446316182,              1341P   3099
-0.01962446316182,-0.01864324000373,-0.01864324000373,              1341P   3100
-0.01766201684564,-0.01766201684564,-0.01569957052946,              1341P   3101
-0.01569957052946,-0.01373712421327,-0.01373712421327,              1341P   3102
-0.01275590105518,-0.01275590105518,-0.01177467789709,              1341P   3103
-0.01177467789709,-0.010793454739,-0.010793454739,                  1341P   3104
-0.00981223158091,-0.00981223158091,-0.00784978526473,              1341P   3105
-0.00784978526473,-0.00588733894855,-0.00588733894855,              1341P   3106
-0.00490611579046,-0.00490611579046,-0.00392489263236,              1341P   3107
-0.00392489263236,-0.00294366947427,-0.00294366947427,              1341P   3108
-0.00196244631618,-0.00196244631618,0.,0.,0.,1.,1.,1.,1.,1.,1.,     1341P   3109
1.,1.,1.,1.,1.,1.,1.,1.,1.,1.,1.,1.,1.,1.,1.,1.,1.,1.,1.,1.,1.,     1341P   3110
1.,1.,1.,1.,1.,1.,1.,1.,1.,1.,1.,1.,1.,1.,1.,1.,1.,1.,1.,1.,1.,     1341P   3111
1.,0.00810911914902,6.28318530717959,0.,0.00810911914902,           1341P   3112
6.0962096953448,0.,0.03738524165158,5.88843848898993,0.,            1341P   3113
0.04986698535177,5.79985616577506,0.,0.06958908451713,              1341P   3114
5.69300310198131,0.,0.08220264189355,5.6246636600331,0.,            1341P   3115
0.10782818512268,5.49714464734713,0.,0.13461920112789,              1341P   3116
5.36382595516212,0.,0.14628341014949,5.3014305415126,0.,            1341P   3117
0.16646421520801,5.19347725663281,0.,0.1791104075029,               1341P   3118
5.10572396861067,0.,0.20912731836458,4.89743339679599,0.,           1341P   3119
0.20909162922993,4.7119189692382,0.,0.20905593952644,               1341P   3120
4.5264015848454,0.,0.17895243984732,4.31795901700825,0.,            1341P   3121
0.16628904724671,4.23027518956835,0.,0.14608912504373,              1341P   3122
4.12230855709408,0.,0.13449800549239,4.06035514301705,0.,           1341P   3123
0.1075664814048,3.92633098157442,0.,0.0821234015452,                1341P   3124
3.79971403143037,0.,0.06949733105299,3.73127763855111,0.,           1341P   3125
0.04966953290908,3.6238061188456,0.,0.03715894902908,               1341P   3126
3.53473088287509,0.,0.00807780159914,3.32767339503436,0.,           1341P   3127
0.00810915493257,3.14116693402016,0.,0.00814049209152,              1341P   3128
2.95475668749499,0.,0.03726294685245,2.74771451383368,0.,           1341P   3129
0.04978692911771,2.65867694703572,0.,0.06962988995991,              1341P   3130
2.55118938803361,0.,0.08222622895051,2.48295613689586,0.,           1341P   3131
0.10771318926542,2.35612424703478,0.,0.13456415966145,              1341P   3132
2.2225045733721,0.,0.14619603857228,2.16030517843895,0.,            1341P   3133
0.16644973022457,2.05200217979252,0.,0.17912461059602,              1341P   3134
1.96403274866592,0.,0.20914030860376,1.75571016089964,0.,           1341P   3135
0.20909159023108,1.5701548671893,0.,0.2090429492054,                1341P   3136
1.38489416755072,0.,0.17901434852305,1.17679521159237,0.,           1341P   3137
0.16634410992404,1.0889901402842,0.,0.14611822377942,               1341P   3138
0.98087144299333,0.,0.13450702250769,0.91880306455465,0.,           1341P   3139
0.10774230385223,0.78561329039184,0.,0.08211769323392,              1341P   3140
0.65809705735397,0.,0.06947655092116,0.58957234611506,0.,           1341P   3141
0.04976256442511,0.48270738102047,0.,0.03729057230324,              1341P   3142
0.39407450033229,0.,0.00810911914902,0.18669493895571,0.,           1341P   3143
0.00810911914902,0.,0.,-0.03139914105891,0.,0.,0.,1.;               1341P   3144
126,1,1,1,0,1,0,0.,0.,1.,1.,1.,1.,0.00810911914902,0.,0.,           1343P   3145
0.00810911914902,6.28318530717959,0.,0.,1.,0.,0.,1.;                1343P   3146
126,1,1,1,0,1,0,0.006,0.006,0.0085,0.0085,1.,1.,                    1345P   3147
0.00810911914902,6.28318530717959,0.,0.75838308339704,              1345P   3148
6.28318530717959,0.,0.006,0.0085,0.,0.,1.;                          1345P   3149
126,1,1,1,0,1,0,0.,0.,1.,1.,1.,1.,0.75838308339704,                 1347P   3150
6.28318530717959,0.,0.75838308339704,0.,0.,0.,1.,0.,0.,1.;          1347P   3151
126,48,2,1,0,1,0,0.,0.,0.,0.0019653946768,0.0019653946768,          1349P   3152
0.0029480920152,0.0029480920152,0.0039307893536,0.0039307893536,    1349P   3153
0.004913486692,0.004913486692,0.0058961840304,0.0058961840304,      1349P   3154
0.0078615787072,0.0078615787072,0.009826973384,0.009826973384,      1349P   3155
0.01080967072241,0.01080967072241,0.01179236806081,                 1349P   3156
0.01179236806081,0.01277506539921,0.01277506539921,                 1349P   3157
0.01375776273761,0.01375776273761,0.01572315741441,                 1349P   3158
0.01572315741441,0.01768855209121,0.01768855209121,                 1349P   3159
0.01867124942961,0.01867124942961,0.01965394676801,                 1349P   3160
0.01965394676801,0.02063664410641,0.02063664410641,                 1349P   3161
0.02161934144481,0.02161934144481,0.02358473612161,                 1349P   3162
0.02358473612161,0.02555013079841,0.02555013079841,                 1349P   3163
0.02653282813681,0.02653282813681,0.02751552547521,                 1349P   3164
0.02751552547521,0.02849822281361,0.02849822281361,                 1349P   3165
0.02948092015201,0.02948092015201,0.03144631482881,                 1349P   3166
0.03144631482881,0.03144631482881,1.,1.,1.,1.,1.,1.,1.,1.,1.,1.,    1349P   3167
1.,1.,1.,1.,1.,1.,1.,1.,1.,1.,1.,1.,1.,1.,1.,1.,1.,1.,1.,1.,1.,     1349P   3168
1.,1.,1.,1.,1.,1.,1.,1.,1.,1.,1.,1.,1.,1.,1.,1.,1.,1.,              1349P   3169
0.75838308339704,0.,0.,0.75838308339704,0.1870371481424,0.,         1349P   3170
0.79207898205064,0.39447352781435,0.,0.80649574109637,              1349P   3171
0.48322499082754,0.,0.82924608316961,0.58990869365019,0.,           1349P   3172
0.84402651786649,0.65921892633656,0.,0.87346181061735,              1349P   3173
0.78567813909808,0.,0.90473557076588,0.9200357322754,0.,            1349P   3174
0.91792289116324,0.98074468625108,0.,0.94142036340908,              1349P   3175
1.088917303442,0.,0.95612452393455,1.17643886914244,0.,             1349P   3176
0.99115291957075,1.38493360263944,0.,0.9912124353193,               1349P   3177
1.57012278476406,0.,0.99127206549939,1.75566803203633,0.,           1349P   3178
0.95624038132919,1.96446371744634,0.,0.94152626793426,              1349P   3179
2.05216270949507,0.,0.91798736869728,2.16055110519543,0.,           1349P   3180
0.90478739943332,2.22133234553344,0.,0.87339246312825,              1349P   3181
2.35621244564794,0.,0.8441333813448,2.48191640764552,0.,            1349P   3182
0.82940140777074,2.55095582258538,0.,0.80650866107138,              1349P   3183
2.65823960439132,0.,0.79203514675298,2.74738905518993,0.,           1349P   3184
0.75841897109734,2.95444751602566,0.,0.75838312392443,              1349P   3185
3.14117045054315,0.,0.75834724943335,3.32803568160981,0.,           1349P   3186
0.79193445606985,3.53517565951218,0.,0.80639877598371,              1349P   3187
3.6243804254743,0.,0.829286158237,3.73168925685422,0.,              1349P   3188
0.84404459575502,3.80088505502481,0.,0.87330183417534,              1349P   3189
3.9265834943403,0.,0.90472550735163,4.06158962920085,0.,            1349P   3190
0.9178880482795,4.12217694766405,0.,0.94139997355202,               1349P   3191
4.23040259436668,0.,0.95611075941153,4.31794960059035,0.,           1349P   3192
0.99118840647306,4.52670411683006,0.,0.99121252581754,              1349P   3193
4.71211634927287,0.,0.99123664682172,4.89754134022469,0.,           1349P   3194
0.95621178547492,5.10622677950644,0.,0.94150721740344,              1349P   3195
5.19383966730808,0.,0.91799615533009,5.30210329877689,0.,           1349P   3196
0.90478326498577,5.36294595600833,0.,0.87350951020704,              1349P   3197
5.49730224320685,0.,0.84405766745282,5.62383134953281,0.,           1349P   3198
0.82928520376609,5.69309317901658,0.,0.80655652545295,              1349P   3199
5.79965833125521,0.,0.79214442455641,5.88830907036509,0.,           1349P   3200
0.75838308339704,6.09597954593308,0.,0.75838308339704,              1349P   3201
6.28318530717959,0.,0.,0.03144631482881,0.,0.,1.;                   1349P   3202
126,1,1,1,0,1,0,0.,0.,1.,1.,1.,1.,0.75838308339704,                 1351P   3203
6.28318530717959,0.,0.75838308339704,0.,0.,0.,1.,0.,0.,1.;          1351P   3204
126,1,1,1,0,1,0,-0.0085,-0.0085,-0.006,-0.006,1.,1.,                1353P   3205
0.75838308339704,0.,0.,0.00810911914902,0.,0.,-0.0085,-0.006,0.,    1353P   3206
0.,1.;                                                              1353P   3207
126,1,1,1,0,1,0,0.,0.,1.,1.,1.,1.,0.00810911914902,0.,0.,           1355P   3208
0.00810911914902,6.28318530717959,0.,0.,1.,0.,0.,1.;                1355P   3209
102,8,1341,1343,1345,1347,1349,1351,1353,1355;                      1357P   3210
126,71,3,0,1,1,1,-0.032380364217,-0.032380364217,                   1359P   3211
-0.03139914105891,-0.03139914105891,-0.03041791790082,              1359P   3212
-0.03041791790082,-0.02943669474273,-0.02943669474273,              1359P   3213
-0.02845547158464,-0.02845547158464,-0.02747424842655,              1359P   3214
-0.02747424842655,-0.02649302526846,-0.02649302526846,              1359P   3215
-0.02551180211037,-0.02551180211037,-0.02453057895228,              1359P   3216
-0.02453057895228,-0.02354935579418,-0.02354935579418,              1359P   3217
-0.02305874421514,-0.02305874421514,-0.02256813263609,              1359P   3218
-0.02256813263609,-0.021586909478,-0.021586909478,                  1359P   3219
-0.02060568631991,-0.02060568631991,-0.01962446316182,              1359P   3220
-0.01962446316182,-0.01864324000373,-0.01864324000373,              1359P   3221
-0.01766201684564,-0.01766201684564,-0.01668079368755,              1359P   3222
-0.01668079368755,-0.01569957052946,-0.01569957052946,              1359P   3223
-0.01520895895041,-0.01520895895041,-0.01471834737137,              1359P   3224
-0.01471834737137,-0.01373712421327,-0.01373712421327,              1359P   3225
-0.01275590105518,-0.01275590105518,-0.01177467789709,              1359P   3226
-0.01177467789709,-0.010793454739,-0.010793454739,                  1359P   3227
-0.00981223158091,-0.00981223158091,-0.00883100842282,              1359P   3228
-0.00883100842282,-0.00784978526473,-0.00784978526473,              1359P   3229
-0.00686856210664,-0.00686856210664,-0.00637795052759,              1359P   3230
-0.00637795052759,-0.00588733894855,-0.00588733894855,              1359P   3231
-0.00490611579046,-0.00490611579046,-0.00392489263236,              1359P   3232
-0.00392489263236,-0.00294366947427,-0.00294366947427,              1359P   3233
-0.00196244631618,-0.00196244631618,-0.00098122315809,              1359P   3234
-0.00098122315809,0.,0.,0.00098122315809,0.00098122315809,1.,1.,    1359P   3235
1.,1.,1.,1.,1.,1.,1.,1.,1.,1.,1.,1.,1.,1.,1.,1.,1.,1.,1.,1.,1.,     1359P   3236
1.,1.,1.,1.,1.,1.,1.,1.,1.,1.,1.,1.,1.,1.,1.,1.,1.,1.,1.,1.,1.,     1359P   3237
1.,1.,1.,1.,1.,1.,1.,1.,1.,1.,1.,1.,1.,1.,1.,1.,1.,1.,1.,1.,1.,     1359P   3238
1.,1.,1.,1.,1.,1.,1.,0.03033189168837,0.019,-0.005,                 1359P   3239
0.02966810831163,0.019,-0.005,0.02934116138436,0.01899131215602,    1359P   3240
-0.00496727412357,0.0286970231375,0.01895801300307,                 1359P   3241
-0.00483840178529,0.02837816634908,0.01893307206367,                1359P   3242
-0.00474088698859,0.02777608874555,0.0188718250546,                 1359P   3243
-0.00449005262354,0.02748952452422,0.01883542318636,                1359P   3244
-0.00433644539644,0.0269453513219,0.01875486004152,                 1359P   3245
-0.00397194753794,0.02669141119411,0.01871116423613,                1359P   3246
-0.00376277227675,0.02623297931795,0.01862428474167,                1359P   3247
-0.00330375094009,0.02602492754557,0.01858046559083,                1359P   3248
-0.00305065005938,0.02566033710047,0.01849870883355,                1359P   3249
-0.00250499355712,0.02550691947657,0.01846155085353,                1359P   3250
-0.00221782869112,0.02525672057506,0.01839885683418,                1359P   3251
-0.00161487986864,0.02515970086252,0.01837323793143,                1359P   3252
-0.00129571063246,0.02503200074072,0.01833912078549,                1359P   3253
-0.0006529511032,0.02499984555499,0.0183302606515,                  1359P   3254
-0.00032742356545,0.02500007805092,0.01833032406995,                1359P   3255
0.0001672368662,0.02500843473876,0.01833260929549,                  1359P   3256
0.00033365995862,0.02504115394103,0.01834148666553,                 1359P   3257
0.00066098297151,0.02506546586261,0.01834806463017,                 1359P   3258
0.00082280868268,0.02516171884356,0.01837377061888,                 1359P   3259
0.0013029200192,0.02525724825294,0.01839900427807,                  1359P   3260
0.00161708542958,0.02551059405555,0.01846245614279,                 1359P   3261
0.00222573441514,0.02566482370136,0.01849974424696,                 1359P   3262
0.00251231072207,0.02602621697835,0.0185807249385,                  1359P   3263
0.0030519677589,0.02623609162326,0.01862493292533,                  1359P   3264
0.00330746215386,0.0266975078448,0.01871226010685,                  1359P   3265
0.0037682698593,0.02694831627387,0.01875532933793,                  1359P   3266
0.00397412804883,0.02749069136111,0.01883556535635,                 1359P   3267
0.00433703095074,0.02778330265526,0.01887267700466,                 1359P   3268
0.00449361935549,0.02838580619555,0.01893372818021,                 1359P   3269
0.00474349453377,0.0286985497483,0.01895816618228,                  1359P   3270
0.0048390052431,0.02934834405583,0.01899160820687,                  1359P   3271
0.00496840910461,0.02967496495327,0.01900003653339,                 1359P   3272
0.00500013882688,0.03016571042004,0.01899998155445,                 1359P   3273
0.00499992990692,0.03032952418543,0.0189978510549,                  1359P   3274
0.00499185249845,0.03065762611537,0.01898932486387,                 1359P   3275
0.00495930493592,0.03082226917834,0.01898288406829,                 1359P   3276
0.00493465923211,0.03130548780486,0.01895784160179,                 1359P   3277
0.00483773241779,0.03161723636709,0.01893347464877,                 1359P   3278
0.00474249285845,0.03222048837012,0.01887223747045,                 1359P   3279
0.00449178398608,0.03251334104866,0.01883501241172,                 1359P   3280
0.00433461235507,0.03305361962554,0.01875499887921,                 1359P   3281
0.00397255014797,0.03330442998926,0.01871192631414,                 1359P   3282
0.00376667030927,0.03376713449929,0.01862428902278,                 1359P   3283
0.00330390079102,0.03397547230533,0.01858036259476,                 1359P   3284
0.00304977742069,0.03433666604135,0.01849939409411,                 1359P   3285
0.00250975098607,0.03449242969028,0.01846171530775,                 1359P   3286
0.00221948158043,0.03474430798934,0.01839859772724,                 1359P   3287
0.00161231656639,0.0348391634211,0.01837353807854,                  1359P   3288
0.00129991928615,0.0349673949226,0.01833928547743,                  1359P   3289
0.00065748037961,0.03500020917765,0.01833024572195,                 1359P   3290
0.0003244926762,0.034999788765,0.01833036039888,                    1359P   3291
-0.00033090727182,0.03496767555036,0.01833921098078,                1359P   3292
-0.00065628594572,0.03487089624167,0.01836506152306,                1359P   3293
-0.00114083202397,0.03483028831962,0.01837581995192,                1359P   3294
-0.00130200098678,0.03473459500689,0.01840070798303,                1359P   3295
-0.0016157047815,0.03467935992527,0.0184148781267,                  1359P   3296
-0.00176919793897,0.03449198739264,0.01846181551719,                1359P   3297
-0.00221989456831,0.03433766236667,0.01849918268659,                1359P   3298
-0.0025085064181,0.03397216231814,0.01858109257814,                 1359P   3299
-0.00305447962429,0.03376574187701,0.01862454626046,                1359P   3300
-0.00330522702931,0.03330684694879,0.01871147505008,                1359P   3301
-0.00376431944138,0.03305123225282,0.01875540302254,                1359P   3302
-0.00397447431225,0.03250882391756,0.01883563015536,                1359P   3303
-0.00433731101837,0.03222219302862,0.01887204975166,                1359P   3304
-0.00449100578648,0.03161734488251,0.01893347826514,                1359P   3305
-0.00474251730219,0.03129897728771,0.01895826097643,                1359P   3306
-0.00483936739574,0.03065795286125,0.01899131641769,                1359P   3307
-0.00496728465234,0.03033189168837,0.019,-0.005,                    1359P   3308
0.02966810831163,0.019,-0.005,-0.03139914105891,0.;                 1359P   3309
110,0.03,0.019,-0.005,0.03,0.0165,-0.005;                           1361P   3310
126,71,3,0,1,1,1,-0.0009826973384,-0.0009826973384,0.,0.,           1363P   3311
0.0009826973384,0.0009826973384,0.0019653946768,0.0019653946768,    1363P   3312
0.0029480920152,0.0029480920152,0.0039307893536,0.0039307893536,    1363P   3313
0.004913486692,0.004913486692,0.0058961840304,0.0058961840304,      1363P   3314
0.0063875326996,0.0063875326996,0.0068788813688,0.0068788813688,    1363P   3315
0.0078615787072,0.0078615787072,0.0088442760456,0.0088442760456,    1363P   3316
0.009826973384,0.009826973384,0.01080967072241,0.01080967072241,    1363P   3317
0.01179236806081,0.01179236806081,0.01277506539921,                 1363P   3318
0.01277506539921,0.01375776273761,0.01375776273761,                 1363P   3319
0.01474046007601,0.01474046007601,0.01523180874521,                 1363P   3320
0.01523180874521,0.01572315741441,0.01572315741441,                 1363P   3321
0.01670585475281,0.01670585475281,0.01768855209121,                 1363P   3322
0.01768855209121,0.01867124942961,0.01867124942961,                 1363P   3323
0.01965394676801,0.01965394676801,0.02063664410641,                 1363P   3324
0.02063664410641,0.02161934144481,0.02161934144481,                 1363P   3325
0.02260203878321,0.02260203878321,0.02309338745241,                 1363P   3326
0.02309338745241,0.02358473612161,0.02358473612161,                 1363P   3327
0.02456743346001,0.02456743346001,0.02555013079841,                 1363P   3328
0.02555013079841,0.02653282813681,0.02653282813681,                 1363P   3329
0.02751552547521,0.02751552547521,0.02849822281361,                 1363P   3330
0.02849822281361,0.02948092015201,0.02948092015201,                 1363P   3331
0.03046361749041,0.03046361749041,0.03144631482881,                 1363P   3332
0.03144631482881,0.03242901216722,0.03242901216722,1.,1.,1.,1.,     1363P   3333
1.,1.,1.,1.,1.,1.,1.,1.,1.,1.,1.,1.,1.,1.,1.,1.,1.,1.,1.,1.,1.,     1363P   3334
1.,1.,1.,1.,1.,1.,1.,1.,1.,1.,1.,1.,1.,1.,1.,1.,1.,1.,1.,1.,1.,     1363P   3335
1.,1.,1.,1.,1.,1.,1.,1.,1.,1.,1.,1.,1.,1.,1.,1.,1.,1.,1.,1.,1.,     1363P   3336
1.,1.,1.,1.,1.,0.02966757579705,0.0165,-0.005,0.03033242420295,     1363P   3337
0.0165,-0.005,0.03065891633965,0.01648997102707,                    1363P   3338
-0.00496718141332,0.03130063566796,0.0164517981411,                 1363P   3339
-0.004838947075,0.03161927870841,0.01642317259485,                  1363P   3340
-0.00474185425843,0.03222394332642,0.01635227010835,                1363P   3341
-0.00449013601404,0.03251040210804,0.01631022634431,                1363P   3342
-0.00433638694787,0.0330524493963,0.01621752616245,                 1363P   3343
-0.00397352780143,0.0333074529946,0.01616681028257,                 1363P   3344
-0.00376374284448,0.03376559426727,0.01606627834436,                1363P   3345
-0.00330534496311,0.03397182565663,0.01601593746865,                1363P   3346
-0.00305490761425,0.03433729381543,0.0159208521884,                 1363P   3347
-0.00250913170975,0.03449122651894,0.01587752606469,                1363P   3348
-0.00222142193381,0.03467871396079,0.01582289079365,                1363P   3349
-0.00177090187085,0.03473402655501,0.01580637535019,                1363P   3350
-0.00161738484132,0.03482990947825,0.01577734082685,                1363P   3351
-0.00130342455877,0.03487061171255,0.01576477994282,                1363P   3352
-0.00114205544943,0.03496754430205,0.01573461419949,                1363P   3353
-0.00065734315465,0.03499977776572,0.01572425585989,                1363P   3354
-0.0003316324547,0.03500021996599,0.01572411524842,                 1363P   3355
0.0003248970349,0.03496728553956,0.01573469418671,                  1363P   3356
0.00065843099145,0.03483880108912,0.01577468005383,                 1363P   3357
0.00130133048146,0.03474376684248,0.01580392237646,                 1363P   3358
0.00161398992671,0.03449131859403,0.01587751062428,                 1363P   3359
0.00222178860971,0.03433590564515,0.01592120336492,                 1363P   3360
0.00251103117512,0.0339748652134,0.01601515659886,                  1363P   3361
0.00305054124072,0.03376613557619,0.01606617532584,                 1363P   3362
0.00330494051778,0.03330480527029,0.01616737544886,                 1363P   3363
0.00376625425719,0.03305450236664,0.01621712308308,                 1363P   3364
0.00397186700858,0.03251439842183,0.01630959430445,                 1363P   3365
0.00433399501822,0.03222163802744,0.01635256360021,                 1363P   3366
0.00449119090382,0.03161909188168,0.0164231712316,                  1363P   3367
0.00474183643098,0.0313072165749,0.01645131682696,                  1363P   3368
0.00483731916978,0.03082285794414,0.01648026289027,                 1363P   3369
0.00493457422528,0.03065789768082,0.01648769562859,                 1363P   3370
0.00495926891173,0.03032979788353,0.01649752011229,                 1363P   3371
0.00499183441766,0.03016588647958,0.01649997891147,                 1363P   3372
0.00499993040786,0.02967456008635,0.01650004177193,                 1363P   3373
0.00500013784737,0.02934592570021,0.01649023722697,                 1363P   3374
0.00496807300493,0.02869672619936,0.01645166296737,                 1363P   3375
0.00483849563113,0.02838398914618,0.0164234785829,                  1363P   3376
0.00474289760528,0.02778101163124,0.01635292727502,                 1363P   3377
0.00449251147947,0.02748831103934,0.01631001961474,                 1363P   3378
0.00433559901407,0.02694727604167,0.01621746582246,                 1363P   3379
0.00397327027525,0.0266967072744,0.01616768652148,                  1363P   3380
0.00376758655545,0.0262351057063,0.01606646822562,                  1363P   3381
0.0033063608758,0.02602632557579,0.0160154510769,                   1363P   3382
0.00305205316044,0.0256654474874,0.01592157078123,                  1363P   3383
0.00251331880974,0.0255107361223,0.01587809662567,                  1363P   3384
0.00222606763683,0.02525714237219,0.01580420020564,                 1363P   3385
0.00161683914157,0.02516205108976,0.01577494172595,                 1363P   3386
0.00130425301266,0.02506558695407,0.01574492622787,                 1363P   3387
0.00082357409318,0.02504118543329,0.01573723147144,                 1363P   3388
0.00066136776353,0.02500836143025,0.01572685094612,                 1363P   3389
0.00033285674786,0.0250000451146,0.01572419953912,                  1363P   3390
0.00016616012416,0.02499991032826,0.01572415667956,                 1363P   3391
-0.0003282307817,0.02503209480864,0.01573449820418,                 1363P   3392
-0.00065412572699,0.0251604205275,0.01577444091741,                 1363P   3393
-0.00129862734704,0.02525762742949,0.01580433160297,                1363P   3394
-0.00161749150754,0.02550794091725,0.01587729196719,                1363P   3395
-0.00221986070995,0.02566165810313,0.01592056800535,                1363P   3396
-0.00250736670853,0.02602734602385,0.01601573340228,                1363P   3397
-0.00305386944891,0.02623366723315,0.01606610548469,                1363P   3398
-0.00330451193912,0.02669183702157,0.01616666526109,                1363P   3399
-0.00376312627673,0.02694682304485,0.01621738864801,                1363P   3400
-0.00397296866181,0.02748880121926,0.01631010315,                   1363P   3401
-0.00433592552874,0.02777493204254,0.0163521034489,                 1363P   3402
-0.00448952486907,0.0283781284288,0.01642290313024,                 1363P   3403
-0.00474091695475,0.0286974196722,0.01645165846394,                 1363P   3404
-0.00483847492763,0.02934058333288,0.0164899651723,                 1363P   3405
-0.00496716466354,0.02966757579705,0.0165,-0.005,                   1363P   3406
0.03033242420295,0.0165,-0.005,0.,0.03144631482881;                 1363P   3407
110,0.03,0.0165,-0.005,0.03,0.019,-0.005;                           1365P   3408
102,4,1359,1361,1363,1365;                                          1367P   3409
142,1,1339,1357,1367,2;                                             1369P   3410
144,1339,1,0,1369;                                                  1371P   3411
314,61.5686297416687,81.17647171020508,92.9411768913269,10HMixed    1373P   3412
Color;                                                              1373P   3413
110,-0.00864936026845,-0.045,0.0125,-0.00864936026845,0.955,        1375P   3414
0.0125;                                                             1375P   3415
110,-0.00864936026845,-0.005,0.015,-0.00864936026845,0.,0.015;      1377P   3416
120,1375,1377,0.,6.28318530717959;                                  1379P   3417
126,1,1,1,0,1,0,-6.28318530717959,-6.28318530717959,0.,0.,1.,1.,    1381P   3418
0.,6.28318530717959,0.,0.,0.,0.,-6.28318530717959,0.,0.,0.,1.;      1381P   3419
126,1,1,1,0,1,0,0.,0.,1.,1.,1.,1.,0.,0.,0.,0.,6.28318530717959,     1383P   3420
0.,0.,1.,0.,0.,1.;                                                  1383P   3421
126,1,1,1,0,1,0,0.04,0.04,0.045,0.045,1.,1.,0.,6.28318530717959,    1385P   3422
0.,1.,6.28318530717959,0.,0.04,0.045,0.,0.,1.;                      1385P   3423
126,1,1,1,0,1,0,0.,0.,1.,1.,1.,1.,1.,6.28318530717959,0.,1.,0.,     1387P   3424
0.,0.,1.,0.,0.,1.;                                                  1387P   3425
126,1,1,1,0,1,0,0.,0.,6.28318530717959,6.28318530717959,1.,1.,      1389P   3426
1.,0.,0.,1.,6.28318530717959,0.,0.,6.28318530717959,0.,0.,1.;       1389P   3427
126,1,1,1,0,1,0,0.,0.,1.,1.,1.,1.,1.,6.28318530717959,0.,1.,0.,     1391P   3428
0.,0.,1.,0.,0.,1.;                                                  1391P   3429
126,1,1,1,0,1,0,-0.045,-0.045,-0.04,-0.04,1.,1.,1.,0.,0.,0.,0.,     1393P   3430
0.,-0.045,-0.04,0.,0.,1.;                                           1393P   3431
126,1,1,1,0,1,0,0.,0.,1.,1.,1.,1.,0.,0.,0.,0.,6.28318530717959,     1395P   3432
0.,0.,1.,0.,0.,1.;                                                  1395P   3433
102,8,1381,1383,1385,1387,1389,1391,1393,1395;                      1397P   3434
124,0.,-1.,0.,-0.00864936026845,0.,0.,-1.,-0.005,1.,0.,0.,          1399P   3435
0.0125;                                                             1399P   3436
100,0.,0.,0.,0.0025,0.,0.0025,0.;                                   1401P   3437
110,-0.00864936026845,-0.005,0.015,-0.00864936026845,0.,0.015;      1403P   3438
124,0.,1.,0.,-0.00864936026845,0.,0.,1.,0.,1.,0.,0.,0.0125;         1405P   3439
100,0.,0.,0.,0.0025,0.,0.0025,-0.;                                  1407P   3440
110,-0.00864936026845,0.,0.015,-0.00864936026845,-0.005,0.015;      1409P   3441
102,4,1401,1403,1407,1409;                                          1411P   3442
142,1,1379,1397,1411,2;                                             1413P   3443
144,1379,1,0,1413;                                                  1415P   3444
314,61.5686297416687,81.17647171020508,92.9411768913269,10HMixed    1417P   3445
Color;                                                              1417P   3446
110,-0.00864936026845,-0.045,-0.0125,-0.00864936026845,0.955,       1419P   3447
-0.0125;                                                            1419P   3448
110,-0.00864936026845,-0.005,-0.01,-0.00864936026845,0.,-0.01;      1421P   3449
120,1419,1421,0.,6.28318530717959;                                  1423P   3450
126,1,1,1,0,1,0,-6.28318530717959,-6.28318530717959,0.,0.,1.,1.,    1425P   3451
0.,6.28318530717959,0.,0.,0.,0.,-6.28318530717959,0.,0.,0.,1.;      1425P   3452
126,1,1,1,0,1,0,0.,0.,1.,1.,1.,1.,0.,0.,0.,0.,6.28318530717959,     1427P   3453
0.,0.,1.,0.,0.,1.;                                                  1427P   3454
126,1,1,1,0,1,0,0.04,0.04,0.045,0.045,1.,1.,0.,6.28318530717959,    1429P   3455
0.,1.,6.28318530717959,0.,0.04,0.045,0.,0.,1.;                      1429P   3456
126,1,1,1,0,1,0,0.,0.,1.,1.,1.,1.,1.,6.28318530717959,0.,1.,0.,     1431P   3457
0.,0.,1.,0.,0.,1.;                                                  1431P   3458
126,1,1,1,0,1,0,0.,0.,6.28318530717959,6.28318530717959,1.,1.,      1433P   3459
1.,0.,0.,1.,6.28318530717959,0.,0.,6.28318530717959,0.,0.,1.;       1433P   3460
126,1,1,1,0,1,0,0.,0.,1.,1.,1.,1.,1.,6.28318530717959,0.,1.,0.,     1435P   3461
0.,0.,1.,0.,0.,1.;                                                  1435P   3462
126,1,1,1,0,1,0,-0.045,-0.045,-0.04,-0.04,1.,1.,1.,0.,0.,0.,0.,     1437P   3463
0.,-0.045,-0.04,0.,0.,1.;                                           1437P   3464
126,1,1,1,0,1,0,0.,0.,1.,1.,1.,1.,0.,0.,0.,0.,6.28318530717959,     1439P   3465
0.,0.,1.,0.,0.,1.;                                                  1439P   3466
102,8,1425,1427,1429,1431,1433,1435,1437,1439;                      1441P   3467
124,0.,-1.,0.,-0.00864936026845,0.,0.,-1.,-0.005,1.,0.,0.,          1443P   3468
-0.0125;                                                            1443P   3469
100,0.,0.,0.,0.0025,0.,0.0025,0.;                                   1445P   3470
110,-0.00864936026845,-0.005,-0.01,-0.00864936026845,0.,-0.01;      1447P   3471
124,0.,1.,0.,-0.00864936026845,0.,0.,1.,0.,1.,0.,0.,-0.0125;        1449P   3472
100,0.,0.,0.,0.0025,0.,0.0025,-0.;                                  1451P   3473
110,-0.00864936026845,0.,-0.01,-0.00864936026845,-0.005,-0.01;      1453P   3474
102,4,1445,1447,1451,1453;                                          1455P   3475
142,1,1423,1441,1455,2;                                             1457P   3476
144,1423,1,0,1457;                                                  1459P   3477
S      2G      4D   1460P   3477                                        T      1
